,firm_name,firm_id,prefecture,firm_size,surveying_rank,surveying_exception,buildingConsulting_rank,buildingConsulting_exception,civilEngineeringConsulting_rank,civilEngineeringConsulting_exception,geologicalSurvey_rank,geologicalSurvey_exception,compensationConsultanting_rank,compensationConsultanting_exception,date
0,（株）アーキジオ,11-01966,富山県,中小,130,,461,,,,,,73,,20200221
1,アークコーポレーション（株）,28-00031,帯広市,中小,916,,711,,,,,,,,20200221
2,（株）アーク・ジオ・サポート,11-03254,東京都,中小,411,,866,,,,,,,,20200221
3,（株）アークス山上,25-00338,旭川市,中小,540,,489,,,,,,,,20200221
4,（株）アース・アナライザー,11-05421,京都府,中小,967,,,,,,,,,,20200221
5,アースコンサルタント（株）,25-00091,旭川市,中小,817,,567,,,,,,108,,20200221
6,（株）アース設計事務所,21-00870,札幌市,中小,934,,731,,,,,,,,20200221
7,アース測量設計（株）,23-00318,函館市,中小,703,,1060,,,,,,,,20200221
8,（株）アーバン設計,11-04977,佐賀県,中小,817,,929,,,,174,,,,20200221
9,（株）アーバンデザインコンサルタント,11-02179,東京都,中小,540,,610,,435,,,,,,20200221
10,（株）アーバントラフィックエンジニアリング,11-03669,東京都,中小,817,,548,,,,,,,,20200221
11,アールテックコンサルタント（株）,11-03083,東京都,中小,768,,711,,,,,,484,,20200221
12,（株）アイエスシイ,11-02181,愛知県,中小,341,,309,,,,343,,215,,20200221
13,相生エンジニアリング（株）,11-04320,広島県,中小,140,,461,,,,167,,502,,20200221
14,（株）愛河調査設計,11-03069,愛知県,中小,209,,489,,435,,91,,,,20200221
15,（株）Ａｉ測地コンサル,22-03275,江別市,中小,817,,,,,,,,,,20200221
16,会津土建（株）,11-04131,福島県,中小,540,,,,,,,,,,20200221
17,（株）アイテック,11-03928,青森県,中小,363,,610,,,,109,,247,,20200221
18,（株）アイ・ディー・エー,11-04021,群馬県,大手,201,,97,,376,,343,,429,,20200221
19,（株）アイネス,21-01482,札幌市,中小,277,,185,,,,,,247,,20200221
20,アイレック技建（株）,11-02682,東京都,大手,870,,314,,,,,,,,20200221
21,（株）葵エンジニアリング,11-04607,愛知県,中小,140,,185,,435,,174,,247,,20200221
22,あおみ建設（株）,11-00138,東京都,中小,540,,731,,,,,,,,20200221
23,（株）赤沼測量設計,21-02662,札幌市,中小,703,,,,,,,,,,20200221
24,（株）アキマ光測量設計,25-00691,旭川市,中小,703,,,,,,,,,,20200221
25,（株）秋元技術コンサルタンツ,11-03596,宮城県,中小,209,,929,,,,59,,,,20200221
26,（株）アクアソーケン,21-00899,札幌市,中小,703,,687,,,,,,,,20200221
27,（株）アクセスフィールド,25-00394,士別市,中小,540,,929,,,,174,,,,20200221
28,（株）アコード,11-04709,大阪府,中小,363,,929,,,,,,,,20200221
29,（株）アサノ大成基礎エンジニアリング,11-00765,東京都,大手,140,,185,,207,,,,1,,20200221
30,（株）旭,11-05400,石川県,中小,540,,929,,,,,,,,20200221
31,旭川設計測量（株）,25-00138,旭川市,中小,209,,610,,,,174,,,,20200221
32,（株）アサヒ建設コンサルタント,25-00326,旭川市,中小,140,,106,,435,,174,,142,,20200221
33,旭工榮（株）,11-03673,埼玉県,中小,341,,687,,,,343,,429,,20200221
34,朝日航洋（株）,11-00007,東京都,大手,1,,1,,,,174,,247,,20200221
35,アサヒコンサルタント（株）,26-00280,新冠郡新冠町,中小,703,,829,,,,154,,,,20200221
36,旭設計（有）,29-00990,紋別市,中小,916,,1117,,,,,,,,20200221
37,旭総合コンサルタント（株）,11-04675,東京都,中小,945,,1060,,,,,,,,20200221
38,（株）アサヒ測量設計,11-05081,茨城県,中小,540,,929,,,,174,,247,,20200221
39,旭ボーリング（株）,11-03734,岩手県,中小,540,,731,,,,,,108,,20200221
40,（株）アジア共同設計コンサルタント,11-00770,神奈川県,大手,277,,1,,435,,,,247,,20200221
41,アジア航測（株）,11-00244,東京都,大手,1,,1,,289,,158,,27,,20200221
42,アジアプランニング（株）,11-05409,熊本県,中小,277,,185,,435,,174,,,,20200221
43,（株）アスカ,11-04284,大阪府,中小,506,,,,,,391,,,,20200221
44,アスカ測量設計（株）,11-04613,千葉県,中小,870,,,,,,343,,,,20200221
45,（株）アップス,11-02339,宮崎県,中小,486,,600,,571,,343,,,,20200221
46,（株）アトラス,11-04008,島根県,中小,209,,361,,435,,174,,247,,20200221
47,（有）網走測量設計社,29-00218,網走市,中小,540,,,,,,,,,,20200221
48,（株）阿部工測,25-01044,旭川市,中小,916,,,,,,,,,,20200221
49,（株）アメニテック,11-04643,石川県,中小,703,,829,,,,,,,,20200221
50,荒木測量設計（株）,25-00334,旭川市,中小,363,,929,,,,174,,,,20200221
51,アラタ設計（株）,29-00802,北見市,中小,916,,1117,,,,,,,,20200221
52,アラヤ総合設計（株）,28-00413,帯広市,中小,413,,567,,,,174,,247,,20200221
53,（株）有明測量開発社,11-05048,熊本県,大手,34,,314,,,,109,,247,,20200221
54,蟻戸測量設計（株）,21-00433,札幌市,中小,807,,,,,,,,,,20200221
55,（株）アリヤス設計コンサルタント,21-00493,札幌市,中小,413,,489,,,,,,247,,20200221
56,（株）アルゴス,11-00355,新潟県,中小,209,,361,,,,85,,,,20200221
57,アルスマエヤ（株）,21-01110,札幌市,中小,277,,489,,,,174,,247,,20200221
58,（株）アルト技研,21-00914,札幌市,中小,413,,361,,,,174,,,,20200221
59,（株）アルト舎,11-05053,奈良県,中小,934,,1147,,639,,,,,,20200221
60,（株）アルファ技研,21-00190,札幌市,中小,277,,185,,,,,,,,20200221
61,アルファ計画（株）,26-00093,苫小牧市,中小,486,,600,,,,343,,215,,20200221
62,（株）アルファ水工コンサルタンツ,21-00151,札幌市,中小,277,,165,,270,,,,429,,20200221
63,アルフア測量設計（株）,21-01734,札幌市,中小,792,,,,,,,,,,20200221
64,（株）安藤・間,11-02526,東京都,大手,413,,106,,165,,174,,142,,20200221
65,（有）イー・アンド・イーシー研究所,22-00241,深川市,中小,953,,,,,,,,,,20200221
66,（株）イーエス総合研究所,21-01894,札幌市,大手,277,,267,,,,158,,65,,20200221
67,（有）池田測量事務所,28-00721,河東郡音更町,中小,953,,,,,,,,,,20200221
68,（株）イケハラエンジニア,11-04645,沖縄県,中小,817,,,,,,,,,,20200221
69,石井測量設計（株）,29-00430,紋別郡雄武町,中小,703,,1060,,,,,,,,20200221
70,（株）石田測量事務所,25-00255,旭川市,中小,540,,929,,,,,,,,20200221
71,（株）石橋測量,21-01178,札幌市,中小,540,,,,,,,,,,20200221
72,（有）石丸測量社,28-00501,上川郡新得町,中小,817,,,,,,,,,,20200221
73,（株）イズム・グリーン,25-00367,旭川市,中小,209,,489,,,,174,,,,20200221
74,（株）イソジェック,27-00192,野付郡別海町,中小,703,,,,,,,,,,20200221
75,（有）板橋測量設計事務所,28-00194,上川郡清水町,中小,540,,,,,,,,,,20200221
76,（株）一測設計,11-05466,岩手県,中小,209,,361,,,,31,,142,,20200221
77,（株）一寸房コンサル,21-03009,札幌市,中小,807,,,,,,,,,,20200221
78,（株）一成,11-04326,兵庫県,中小,870,,687,,,,,,429,,20200221
79,イッセイコンサルタント（株）,11-04606,愛知県,中小,703,,687,,,,,,,,20200221
80,いであ（株）,11-00160,東京都,大手,34,,1,,435,,174,,67,,20200221
81,（株）怡土,11-04650,福岡県,中小,506,,1117,,,,,,,,20200221
82,（株）伊藤測量事務所,26-00315,勇払郡むかわ町,中小,768,,,,,,,,,,20200221
83,（株）井上エンジニアリング,11-05042,滋賀県,中小,486,,433,,,,343,,,,20200221
84,（株）イビソク,11-04345,岐阜県,大手,16,,267,,,,91,,247,,20200221
85,（株）胆振,26-00026,苫小牧市,中小,413,,929,,,,174,,,,20200221
86,岩倉建設（株）,26-00157,札幌市,大手,277,,,,,,,,,,20200221
87,（株）岩崎,21-00734,札幌市,大手,413,,567,,,,,,,,20200221
88,岩浅測量設計（有）,27-00326,野付郡別海町,中小,363,,929,,,,,,,,20200221
89,（株）岩手開発測量設計,11-02261,岩手県,中小,363,,489,,,,59,,247,,20200221
90,岩見沢測量設計（株）,22-03136,岩見沢市,中小,540,,,,,,,,,,20200221
91,（株）ウィネット,28-00909,帯広市,中小,817,,,,,,,,,,20200221
92,（株）ウインディーネットワーク,11-03934,静岡県,中小,209,,361,,435,,174,,247,,20200221
93,上島技術コンサルタント（株）,21-02104,札幌市,中小,413,,361,,,,,,247,,20200221
94,植田測量（株）,22-00249,石狩市,中小,540,,,,,,,,,,20200221
95,植村建設（株）,22-00278,赤平市,中小,413,,,,,,,,,,20200221
96,上山試錐工業（株）,21-00098,札幌市,中小,413,,267,,,,,,53,,20200221
97,（株）ウオールナット,11-02352,東京都,中小,916,,711,,,,,,244,,20200221
98,（株）ウッド,11-04598,埼玉県,中小,953,,1172,,,,429,,,,20200221
99,宇部興産コンサルタント（株）,11-04717,山口県,中小,277,,185,,,,,,73,,20200221
100,（株）Ａ・Ｆ・Ｃ,11-04329,徳島県,中小,965,,,,,,,,,,20200221
101,（株）エース,11-02380,京都府,大手,201,,243,,649,,421,,244,,20200221
102,（株）エーティック,21-02590,札幌市,中小,140,,106,,435,,158,,142,,20200221
103,（株）エービーコンサルタント,11-05108,東京都,中小,934,,687,,416,,,,502,,20200221
104,（株）エープランニング,11-03744,東京都,大手,130,,1117,,93,,28,,484,,20200221
105,（株）エイエム建設コンサルタント,11-05057,島根県,中小,528,,567,,,,411,,502,,20200221
106,エイコー技研（株）,21-01659,札幌市,中小,703,,531,,,,,,429,,20200221
107,（株）永大開発コンサルタント,11-03976,福岡県,中小,540,,731,,,,,,,,20200221
108,ＨＲＳ（株）,24-00059,小樽市,中小,34,,267,,,,31,,142,,20200221
109,（株）ＨＲＣ研究所,21-02932,札幌市,中小,703,,687,,,,,,,,20200221
110,（株）エイテック,11-02556,東京都,大手,34,,106,,435,,109,,142,,20200221
111,エイト技術（株）,11-02337,青森県,中小,34,,185,,289,,17,,142,,20200221
112,（株）エイト日本技術開発,11-03962,岡山県,大手,34,,1,,93,,3,,17,,20200221
113,（株）エオネックス,11-01968,石川県,中小,540,,361,,,,,,53,,20200221
114,（株）エクサ設計,29-00420,紋別郡湧別町,中小,506,,731,,,,,,,,20200221
115,（株）エコー,11-01263,東京都,大手,209,,1,,,,,,,,20200221
116,（株）エコテック,21-01302,札幌市,中小,703,,433,,,,,,215,,20200221
117,（株）エコニクス,21-01272,札幌市,中小,413,,361,,,,,,,,20200221
118,（株）エジソンブレイン,23-01049,函館市,中小,792,,899,,,,,,,,20200221
119,エスエスコンサル（株）,28-00535,足寄郡足寄町,中小,870,,531,,,,,,132,,20200221
120,越前屋試錐工業（株）,21-00522,札幌市,中小,817,,929,,,,,,228,,20200221
121,（株）エヌイーエス,11-04901,大阪府,中小,703,,433,,,,,,,,20200221
122,（株）エヌ・イー計測,11-04990,大阪府,中小,768,,,,,,,,,,20200221
123,（株）エヌ・イーサポート,11-03549,広島県,大手,540,,489,,,,,,,,20200221
124,エヌエス環境（株）,11-00722,東京都,大手,277,,1,,435,,174,,142,,20200221
125,（株）ＮＪＳ,11-00614,東京都,大手,140,,1,,35,,174,,142,,20200221
126,ＮＴＣインターナショナル（株）,11-05412,東京都,大手,413,,185,,,,,,,,20200221
127,ＮＴＣコンサルタンツ（株）,11-00534,愛知県,大手,34,,1,,289,,174,,53,,20200221
128,エヌ・ティ・ティ・インフラネット（株）,11-01170,東京都,大手,209,,104,,,,,,,,20200221
129,（株）エヌ・ティ・ティ・データ,11-04491,東京都,大手,870,,1060,,571,,,,,,20200221
130,エヌユーコンサルタント（株）,25-00177,旭川市,中小,870,,,,,,,,,,20200221
131,（株）エフワーク,11-05396,宮城県,中小,703,,267,,,,,,,,20200221
132,（株）エムエス技術コンサルタント,21-02718,札幌市,中小,768,,,,,,172,,,,20200221
133,（株）エム・ケー・コンサルタント,11-04628,福岡県,中小,703,,433,,,,,,,,20200221
134,エム・ケーコンサルタント（株）,24-00260,虻田郡倶知安町,中小,870,,,,,,,,,,20200221
135,（株）エル技術コンサルタント,21-00735,札幌市,中小,209,,731,,,,31,,,,20200221
136,（株）エルクコンサルタント,11-04297,兵庫県,中小,768,,450,,,,,,484,,20200221
137,（株）エルピスコンサルタント,21-01735,札幌市,中小,870,,,,,,,,,,20200221
138,（株）エンゼル測量企画,23-00831,函館市,中小,792,,,,,,,,,,20200221
139,（有）オーシャン・プランニング,21-01767,札幌市,中小,953,,1172,,,,,,,,20200221
140,オーシャンエンジニアリング（株）,11-01108,茨城県,中小,411,,,,,,,,,,20200221
141,（株）オービット,11-05033,福岡県,中小,363,,361,,,,,,,,20200221
142,（株）及川測量,26-00376,室蘭市,中小,916,,,,,,,,,,20200221
143,（株）及川土木設計,25-00624,上川郡東神楽町,中小,405,,829,,,,,,,,20200221
144,扇コンサル（株）,22-02830,滝川市,中小,703,,829,,,,,,,,20200221
145,扇コンサルタンツ（株）,11-02312,兵庫県,中小,703,,687,,,,,,429,,20200221
146,王子不動産（株）,11-00447,東京都,大手,540,,,,,,,,,,20200221
147,応用技術（株）,11-03188,大阪府,大手,703,,328,,,,,,,,20200221
148,応用設計（株）,26-00515,室蘭市,中小,870,,829,,,,,,429,,20200221
149,応用地質（株）,11-00008,東京都,大手,34,,1,,435,,,,1,,20200221
150,（株）大久保測量,26-00402,苫小牧市,中小,540,,,,,,,,,,20200221
151,大阪技術管理（株）,11-05024,大阪府,中小,413,,267,,,,,,,,20200221
152,（株）オオスミ,11-05384,神奈川県,大手,817,,256,,,,,,,,20200221
153,（有）太田ジオリサーチ,11-01385,兵庫県,中小,703,,480,,,,,,215,,20200221
154,鳳コンサルタント（株）,11-02437,大阪府,中小,540,,267,,289,,,,,,20200221
155,大西測量設計（株）,21-00929,札幌市,中小,537,,,,,,,,,,20200221
156,オオハシコンサルタント（株）,24-00406,小樽市,中小,540,,929,,,,174,,247,,20200221
157,大橋調査（株）,11-03987,宮城県,中小,363,,731,,435,,109,,247,,20200221
158,（株）オオバ,11-00821,東京都,大手,6,,1,,156,,6,,73,,20200221
159,（株）大場測量,21-01849,札幌市,中小,540,,,,,,,,,,20200221
160,（株）大林組,11-00084,東京都,大手,140,,106,,1,,,,44,,20200221
161,（株）大本組,11-00006,岡山県,中小,540,,731,,289,,,,,,20200221
162,小川測量設計（株）,11-03135,秋田県,中小,506,,610,,,,391,,228,,20200221
163,（株）オキココーポレーション,11-03054,大阪府,中小,540,,731,,,,,,73,,20200221
164,（株）奥村組,11-00033,大阪府,大手,277,,328,,108,,,,,,20200221
165,（株）尾崎測量設計事務所,26-00833,苫小牧市,中小,807,,1159,,,,,,,,20200221
166,（株）帯広土木設計,28-01024,帯広市,中小,870,,1060,,,,,,,,20200221
167,（株）オリエンタルコンサルタンツ,11-00702,東京都,大手,140,,1,,108,,109,,44,,20200221
168,オリジナル設計（株）,11-00448,東京都,大手,140,,1,,116,,,,247,,20200221
169,（株）オリンピアコンサルタント,11-03093,岐阜県,中小,486,,567,,,,,,,,20200221
170,（株）オルビットプラン,11-02604,神奈川県,中小,916,,1117,,,,,,484,,20200221
171,ＨＡＲＶＥＹ（株）,11-05443,愛知県,中小,934,,929,,,,,,,,20200221
172,（株）ハイデックス和島,21-02377,札幌市,中小,363,,929,,,,,,,,20200221
173,（株）畑測量設計,31-00244,稚内市,中小,768,,,,,,,,,,20200221
174,（株）白広測量,21-02656,札幌市,中小,817,,,,,,,,,,20200221
175,（株）八州,11-00387,東京都,大手,6,,106,,289,,31,,108,,20200221
176,林測量技術コンサルタント（株）,11-04003,大阪府,中小,413,,,,,,,,,,20200221
177,（株）ハンシン,11-04967,大阪府,中小,363,,929,,,,,,,,20200221
178,（株）阪神コンサルタンツ,11-01211,奈良県,中小,277,,185,,,,,,39,,20200221
179,（株）阪和建設コンサルタント,11-03568,和歌山県,中小,413,,610,,,,174,,247,,20200221
180,バーム測量設計（株）,29-00450,網走市,中小,540,,929,,,,,,,,20200221
181,（株）パートナーズ,11-05059,愛知県,大手,270,,267,,416,,,,,,20200221
182,パシコン技術管理（株）,11-02338,東京都,大手,277,,1,,,,,,,,20200221
183,パシフィックコンサルタンツ（株）,11-00179,東京都,大手,34,,1,,35,,174,,27,,20200221
184,（株）パスコ,11-00252,東京都,大手,1,,1,,156,,174,,53,,20200221
185,パブリックコンサルタント（株）,21-00135,札幌市,中小,34,,106,,,,109,,142,,20200221
186,（株）ＰＡＬ構造,11-02175,長崎県,大手,540,,361,,93,,,,142,,20200221
187,（株）パル設計事務所,29-00515,北見市,中小,703,,829,,,,,,,,20200221
188,ひかりコンサルタント（株）,11-05426,山口県,中小,540,,929,,,,174,,,,20200221
189,（株）東日本エンジニアリング,11-03612,福島県,中小,486,,,,,,15,,,,20200221
190,（株）東日本計画,11-04256,宮城県,中小,934,,,,,,,,,,20200221
191,東日本設計（株）,21-00679,札幌市,中小,413,,489,,435,,,,,,20200221
192,（株）引谷設計事務所,21-01579,札幌市,中小,817,,866,,,,,,,,20200221
193,菱中建設（株）,26-00059,札幌市,大手,540,,,,,,,,,,20200221
194,（株）日高測量,26-00952,日高郡新ひだか町,中小,703,,,,,,,,,,20200221
195,（株）平井コンサルタント,27-00249,釧路市,中小,540,,929,,,,,,,,20200221
196,平田技術コンサルタント（株）,28-00011,帯広市,中小,209,,361,,,,91,,,,20200221
197,（有）広尾測量,28-00359,広尾郡広尾町,中小,540,,,,,,,,,,20200221
198,広建コンサルタンツ（株）,11-03183,広島県,中小,34,,185,,,,174,,108,,20200221
199,（一財）広島県環境保健協会,11-04632,広島県,公益,540,,185,,435,,,,247,,20200221
200,（株）ヒロノ測建,25-00319,旭川市,中小,540,,929,,,,,,,,20200221
201,（株）ビィーシステム,21-02872,札幌市,中小,916,,,,,,,,,,20200221
202,ビッグ測量設計（株）,11-04364,東京都,大手,6,,,,,,,,,,20200221
203,（株）ビバリー設計事務所,21-00118,札幌市,中小,703,,829,,,,,,,,20200221
204,（株）ピーエス三菱,11-00129,東京都,大手,540,,567,,,,,,,,20200221
205,ピーシー技研（株）,11-03104,埼玉県,中小,540,,610,,,,,,247,,20200221
206,（株）ピーシーレールウェイコンサルタント,11-02314,栃木県,大手,341,,165,,,,,,215,,20200221
207,（株）ファインテクノ,11-05417,大阪府,中小,870,,610,,,,,,,,20200221
208,（株）ファルコン,26-00518,登別市,中小,870,,531,,,,,,,,20200221
209,（株）フィッシャーマンズコンサルタント,21-00128,札幌市,中小,870,,,,,,,,,,20200221
210,（株）フォーラムエイト,11-04390,東京都,大手,870,,687,,571,,,,,,20200221
211,（株）吹上技研コンサルタント,11-03121,京都府,中小,34,,185,,,,174,,142,,20200221
212,（株）福島建設,24-00214,磯谷郡蘭越町,中小,870,,,,,,,,,,20200221
213,（株）福田水文センター,21-00567,札幌市,大手,16,,185,,,,,,247,,20200221
214,福田道路（株）,11-00413,新潟県,大手,277,,731,,,,,,,,20200221
215,（株）福山コンサルタント,11-03557,福岡県,大手,140,,1,,,,,,142,,20200221
216,藤井測量設計（株）,25-00241,旭川市,中小,540,,929,,,,174,,,,20200221
217,富士技研センター（株）,11-03631,東京都,中小,540,,489,,,,,,,,20200221
218,（株）富士建設コンサル,25-00020,旭川市,中小,34,,361,,,,59,,247,,20200221
219,藤田測量（株）,26-00453,苫小牧市,中小,540,,,,,,,,,,20200221
220,フジ地中情報（株）,11-03615,東京都,大手,130,,480,,,,,,247,,20200221
221,（株）フジ土木設計,25-00586,旭川市,中小,540,,489,,,,174,,,,20200221
222,（株）フジヤマ,11-04305,静岡県,大手,6,,1,,289,,31,,108,,20200221
223,（株）富士雄設計コンサルタント,28-00570,帯広市,中小,486,,829,,,,343,,,,20200221
224,（有）藤原工産,29-00214,網走市,中小,817,,929,,,,,,,,20200221
225,（株）双葉建設コンサルタント,11-03966,山形県,中小,209,,361,,435,,109,,247,,20200221
226,双葉航測（株）,11-03565,東京都,中小,363,,,,,,174,,,,20200221
227,（株）フタバ設計,11-05440,福岡県,中小,703,,531,,571,,343,,429,,20200221
228,（株）復建エンジニヤリング,11-00108,東京都,大手,209,,1,,235,,,,247,,20200221
229,（株）復建技術コンサルタント,11-00755,宮城県,大手,34,,1,,,,174,,17,,20200221
230,復建調査設計（株）,11-02265,広島県,大手,6,,1,,215,,17,,9,,20200221
231,（株）不動テトラ,11-00072,東京都,中小,413,,328,,,,,,,,20200221
232,（株）舟山組,29-00124,北見市,中小,817,,,,,,109,,,,20200221
233,冨洋設計（株）,11-00477,東京都,中小,277,,314,,,,,,247,,20200221
234,（株）フロンティア技研,21-02141,札幌市,中小,270,,243,,,,,,,,20200221
235,（株）武揚堂,11-04664,東京都,中小,277,,929,,,,,,,,20200221
236,（株）プライア・コンサルタント,11-01329,神奈川県,中小,768,,711,,,,,,484,,20200221
237,（株）プラテック,27-00270,釧路市,中小,540,,567,,,,174,,142,,20200221
238,（株）プラネット・コンサルタント,11-05434,石川県,中小,528,,328,,,,411,,502,,20200221
239,（株）プレック研究所,11-00784,東京都,大手,413,,106,,289,,,,,,20200221
240,（株）平成測量,11-03603,新潟県,中小,270,,829,,,,343,,,,20200221
241,（有）平和測量,21-01235,札幌市,中小,870,,,,,,,,,,20200221
242,平和フィールド（株）,11-02480,埼玉県,中小,363,,929,,,,59,,247,,20200221
243,ベン測量設計（株）,11-03151,宮城県,中小,528,,,,,,,,,,20200221
244,（株）ホーエイ,28-00447,中川郡幕別町,中小,540,,929,,,,,,,,20200221
245,（株）ホージュ設計,11-03094,石川県,中小,870,,1060,,571,,,,,,20200221
246,（株）豊水設計,21-00861,札幌市,中小,405,,433,,,,,,429,,20200221
247,北栄測量設計（株）,23-00315,函館市,中小,413,,731,,,,174,,,,20200221
248,北王コンサルタント（株）,28-00129,帯広市,大手,34,,106,,435,,174,,247,,20200221
249,北王設計コンサルタント（株）,21-00763,札幌市,中小,486,,531,,,,,,429,,20200221
250,（株）ホクコク地水,11-01100,石川県,大手,540,,314,,,,,,39,,20200221
251,（株）北信開発コンサルタント,28-00430,河西郡芽室町,中小,540,,,,,,,,,,20200221
252,北辰建設コンサルタント（株）,31-00061,稚内市,中小,413,,929,,,,,,,,20200221
253,（株）北水エンジニアリング,21-00408,札幌市,中小,703,,1060,,,,,,429,,20200221
254,（株）ホクスイ設計コンサル,21-02374,札幌市,中小,413,,361,,435,,174,,247,,20200221
255,北成コンサルタント（株）,21-00918,札幌市,中小,506,,866,,,,,,,,20200221
256,北電総合設計（株）,21-01684,札幌市,大手,34,,1,,93,,,,73,,20200221
257,（株）北斗エス・イー・シー,11-04655,三重県,中小,540,,731,,,,429,,,,20200221
258,（株）北都エンジニヤリング,21-00621,札幌市,中小,540,,731,,,,,,247,,20200221
259,（有）北斗開発測量,26-00812,日高郡新ひだか町,中小,703,,,,,,,,,,20200221
260,（株）北杜設計,29-00410,網走市,中小,413,,731,,,,,,247,,20200221
261,（株）北都測量社,25-00184,旭川市,中小,540,,,,,,174,,,,20200221
262,北土地籍事業（同）,25-01042,旭川市,中小,870,,1060,,,,,,,,20200221
263,北武コンサルタント（株）,21-00141,札幌市,中小,277,,106,,,,,,142,,20200221
264,（株）ホクミコンサル,21-02639,札幌市,中小,703,,1060,,,,,,,,20200221
265,北盟測量（株）,21-01496,札幌市,中小,540,,,,,,,,,,20200221
266,北裕建設コンサルタント（株）,21-01833,稚内市,中小,703,,1060,,,,343,,429,,20200221
267,北陽測量設計（株）,31-00080,枝幸郡枝幸町,中小,703,,1060,,,,343,,,,20200221
268,（株）ホクリンコンサルタント,29-00266,北見市,中小,277,,731,,,,174,,,,20200221
269,ホコタ設計コンサルタンツ（株）,11-01126,茨城県,中小,209,,929,,,,174,,,,20200221
270,（株）保全工学研究所,11-03948,東京都,中小,934,,731,,639,,,,502,,20200221
271,（株）細道コンサルタント,26-00010,浦河郡浦河町,中小,363,,731,,,,,,,,20200221
272,北開工営（株）,21-01495,札幌市,中小,413,,361,,435,,,,,,20200221
273,（株）北海工営社,21-00016,札幌市,中小,807,,914,,,,,,514,,20200221
274,北海航測（株）,21-00397,札幌市,中小,34,,610,,,,,,,,20200221
275,（株）北開水工コンサルタント,28-00079,河東郡音更町,大手,34,,106,,,,,,247,,20200221
276,北海設計（株）,29-00246,紋別市,中小,540,,731,,,,,,,,20200221
277,（株）北開測地,22-00544,深川市,中小,413,,610,,,,,,247,,20200221
278,北海電気工事（株）,21-00018,札幌市,大手,363,,,,,,174,,,,20200221
279,（株）北海道朝日航洋,21-00066,札幌市,中小,130,,567,,,,,,,,20200221
280,北海道河川開発（株）,21-01168,札幌市,中小,363,,,,,,,,,,20200221
281,（株）北海道気象技術センター,21-02875,札幌市,中小,792,,461,,,,,,,,20200221
282,北海道キング設計（株）,21-00969,札幌市,中小,277,,314,,,,,,142,,20200221
283,（株）北海道近代設計,21-02987,札幌市,中小,540,,361,,,,,,,,20200221
284,（株）北海道技術コンサルタント,21-01105,札幌市,中小,540,,185,,,,,,142,,20200221
285,（公社）北海道栽培漁業振興公社,21-02719,札幌市,公益,817,,489,,,,,,,,20200221
286,（株）北海道森林土木コンサルタント,21-02731,札幌市,中小,405,,567,,,,411,,502,,20200221
287,（株）北海道水工コンサルタンツ,21-00310,札幌市,中小,341,,243,,,,,,429,,20200221
288,北海道総合企画コンサルタント（株）,24-00251,小樽市,中小,870,,829,,,,,,429,,20200221
289,北海道地図（株）,25-00558,旭川市,中小,363,,,,,,,,,,20200221
290,北海道土地改良事業団体連合会,21-01621,札幌市,大手,34,,106,,,,,,,,20200221
291,北海道道路エンジニアリング（株）,21-01127,札幌市,中小,277,,185,,,,,,247,,20200221
292,（一財）北海道道路管理技術センター,21-01174,札幌市,公益,870,,97,,,,,,,,20200221
293,北海道土質コンサルタント（株）,21-00445,札幌市,中小,540,,567,,,,,,73,,20200221
294,北海道土木設計（株）,21-00955,札幌市,中小,140,,106,,,,,,142,,20200221
295,（一財）北海道農業近代化技術研究センター,22-03232,深川市,公益,817,,489,,,,,,,,20200221
296,（株）北海道農業建設コンサルタント,21-02504,札幌市,中小,413,,361,,,,174,,,,20200221
297,（株）ほっきょうコンサルタント,21-02164,札幌市,中小,870,,,,,,,,,,20200221
298,（株）北建コンサルタント,30-00156,留萌市,中小,540,,610,,,,,,,,20200221
299,北光コンサル（株）,11-03644,岩手県,中小,140,,361,,435,,17,,247,,20200221
300,防災地質工業（株）,21-00572,札幌市,中小,540,,489,,,,,,142,,20200221
301,ポートコンサルタント（株）,11-02231,東京都,中小,792,,567,,,,,,,,20200221
302,開成コンサルタント（株）,21-01163,札幌市,中小,540,,,,,,,,,,20200221
303,（株）カイハツ,11-03977,島根県,中小,34,,267,,435,,158,,142,,20200221
304,開発エンジニアリング（株）,11-00886,東京都,中小,540,,610,,,,,,247,,20200221
305,（株）開発技研,11-00584,青森県,中小,413,,731,,,,174,,247,,20200221
306,（株）開発技術コンサルタント,11-03523,新潟県,中小,277,,185,,,,,,142,,20200221
307,（株）開発工営社,21-00008,札幌市,大手,277,,106,,435,,,,53,,20200221
308,（株）開発設計コンサルタント,11-00559,東京都,大手,540,,1,,115,,,,23,,20200221
309,（株）開発調査研究所,21-00286,札幌市,中小,209,,185,,,,,,53,,20200221
310,開発虎ノ門コンサルタント（株）,11-00570,東京都,大手,140,,1,,,,,,142,,20200221
311,海洋エンジニアリング（株）,11-02343,東京都,中小,506,,548,,435,,,,,,20200221
312,海洋建設（株）,11-05055,岡山県,中小,817,,567,,,,,,,,20200221
313,（一社）海洋調査協会,11-03718,東京都,公益,870,,687,,,,,,,,20200221
314,（株）格和測量設計,11-04687,栃木県,中小,506,,929,,435,,174,,247,,20200221
315,鹿島建設（株）,11-00082,東京都,大手,277,,1,,1,,,,23,,20200221
316,河川サービス（株）,25-00323,旭川市,中小,817,,,,,,,,,,20200221
317,（株）片平新日本技研,11-00632,東京都,大手,140,,1,,,,,,142,,20200221
318,かたやま測量（株）,25-00871,中川郡中川町,中小,768,,,,,,,,,,20200221
319,（株）カナコン,11-02252,神奈川県,中小,413,,185,,,,174,,142,,20200221
320,かなめ測量（株）,11-05455,茨城県,中小,945,,,,,,,,,,20200221
321,（株）カナン・ジオリサーチ,11-05074,愛媛県,中小,768,,866,,,,,,139,,20200221
322,（株）カネコ,11-05000,東京都,大手,363,,,,,,,,,,20200221
323,川崎地質（株）,11-00473,東京都,大手,34,,1,,,,,,1,,20200221
324,川端測量設計（株）,23-00403,函館市,中小,540,,,,,,,,,,20200221
325,（株）川又感光社,11-05100,茨城県,中小,817,,866,,,,,,,,20200221
326,（株）カワムラ,29-00445,北見市,中小,486,,829,,,,,,,,20200221
327,（株）環境アセスメントセンター,11-03964,静岡県,中小,540,,361,,,,,,247,,20200221
328,（株）環境科学研究所,23-00532,函館市,中小,817,,866,,,,,,,,20200221
329,（株）環境管理センター,11-00046,東京都,大手,540,,361,,,,,,139,,20200221
330,環境コンサルタント（株）,27-00184,釧路市,中小,413,,314,,,,174,,142,,20200221
331,（株）環境総合テクノス,11-03427,大阪府,大手,16,,1,,,,,,52,,20200221
332,（株）環境テクニカルサービス,21-01526,札幌市,中小,870,,899,,,,343,,,,20200221
333,（株）環境と開発,11-05405,熊本県,中小,540,,,,,,,,,,20200221
334,（株）環境リサーチ,21-02157,札幌市,中小,817,,731,,,,174,,247,,20200221
335,（株）環境緑地研究所,21-01479,札幌市,中小,817,,731,,435,,,,247,,20200221
336,（株）かんこう,11-02460,大阪府,大手,16,,106,,289,,174,,247,,20200221
337,（株）関西エンジニヤリング,11-03216,兵庫県,中小,540,,361,,435,,,,247,,20200221
338,（株）関西技研,11-03967,滋賀県,中小,506,,731,,,,174,,247,,20200221
339,管清工業（株）,11-03342,東京都,大手,540,,267,,,,,,,,20200221
340,カンゼ航測（株）,11-05392,大阪府,中小,506,,,,,,,,,,20200221
341,（株）神田設計,11-03142,愛知県,中小,209,,489,,435,,109,,,,20200221
342,寒地開発エンジニアリング（株）,21-01377,札幌市,中小,703,,1060,,,,,,,,20200221
343,臥牛測量設計（株）,23-00275,函館市,中小,413,,,,,,174,,,,20200221
344,菊地技術コンサルタント（株）,28-00383,中川郡幕別町,中小,413,,,,,,174,,,,20200221
345,（株）キクチコンサルタント,11-02453,京都府,中小,34,,185,,,,174,,91,,20200221
346,（株）気象工学研究所,11-03645,大阪府,中小,934,,610,,,,,,502,,20200221
347,基礎地盤コンサルタンツ（株）,11-02582,東京都,大手,34,,1,,,,174,,1,,20200221
348,（株）北企画エンジニアリング,21-02539,札幌市,中小,768,,548,,,,,,484,,20200221
349,（株）キタコン,11-02613,青森県,中小,34,,185,,435,,174,,142,,20200221
350,（株）キタック,11-03451,新潟県,大手,277,,106,,,,,,17,,20200221
351,（株）北日本工事測量,21-00361,札幌市,中小,528,,1060,,,,343,,,,20200221
352,北日本港湾コンサルタント（株）,21-00931,札幌市,中小,277,,185,,435,,,,,,20200221
353,北日本測地（株）,21-00628,札幌市,中小,363,,,,,,,,,,20200221
354,（株）北未来技研,21-02862,札幌市,中小,341,,243,,,,343,,,,20200221
355,北山測量設計（株）,24-00199,磯谷郡蘭越町,中小,540,,,,,,,,,,20200221
356,キハラ設計（株）,29-00313,北見市,中小,540,,929,,,,,,,,20200221
357,（株）キミコン,11-05040,福井県,中小,201,,243,,,,83,,215,,20200221
358,（株）九建補償コンサルタンツ,11-04946,福岡県,中小,934,,,,,,167,,,,20200221
359,九州建設コンサルタント（株）,11-04293,大分県,大手,34,,1,,289,,31,,91,,20200221
360,（株）九州土木設計コンサルタント,11-02310,宮崎県,中小,277,,361,,,,174,,142,,20200221
361,（有）共栄技研,28-00609,中川郡幕別町,中小,870,,1060,,,,,,,,20200221
362,（株）共栄測量設計社,11-04000,長野県,中小,209,,929,,,,109,,247,,20200221
363,（株）協振技建,11-02191,東京都,大手,34,,480,,,,,,,,20200221
364,協同エンジニアリング（株）,11-02459,大分県,中小,34,,106,,435,,174,,142,,20200221
365,（株）協同測量社,11-00181,長野県,中小,34,,361,,,,91,,,,20200221
366,（有）京谷測量,26-00586,沙流郡日高町,中小,817,,,,,,,,,,20200221
367,協友測量設計（株）,23-00450,北斗市,中小,506,,,,,,,,,,20200221
368,（株）協立コンサルタンツ,11-03575,東京都,中小,209,,929,,,,,,,,20200221
369,（株）共立測量設計,21-00828,札幌市,中小,486,,829,,,,,,,,20200221
370,協立測量設計（株）,22-00172,深川市,中小,413,,929,,,,174,,,,20200221
371,（株）橋梁コンサルタント,11-02347,東京都,大手,140,,106,,,,,,142,,20200221
372,（株）協和コンサルタンツ,11-00644,東京都,大手,140,,1,,235,,174,,91,,20200221
373,共和コンサルタント（株）,21-00004,札幌市,中小,413,,610,,,,,,,,20200221
374,（株）協和コンサルタント,25-00273,旭川市,中小,413,,610,,,,174,,,,20200221
375,協和設計（株）,11-02193,大阪府,大手,140,,1,,,,,,67,,20200221
376,（有）協和測量設計,29-00268,北見市,中小,703,,,,,,,,,,20200221
377,協和補償コンサルタント（株）,11-00930,群馬県,中小,277,,731,,215,,6,,247,,20200221
378,（株）極東技工コンサルタント,11-02416,大阪府,大手,140,,256,,435,,,,247,,20200221
379,（株）極東コンサルタント,21-00952,札幌市,中小,209,,,,,,,,,,20200221
380,（有）旭東測量設計社,28-00171,帯広市,中小,817,,,,,,,,,,20200221
381,近畿実測（株）,11-02172,大阪府,中小,34,,610,,,,,,,,20200221
382,（株）近畿日本コンサルタント,11-03927,大阪府,中小,363,,610,,,,,,,,20200221
383,（株）きんそく,11-05401,京都府,大手,31,,480,,,,167,,429,,20200221
384,（株）近代設計,11-00457,東京都,大手,140,,1,,435,,,,247,,20200221
385,技研興業（株）,11-00542,東京都,大手,540,,731,,,,,,,,20200221
386,技研測量設計（株）,22-01693,深川市,中小,413,,731,,,,174,,247,,20200221
387,（一財）岐阜県公衆衛生検査センター,11-04697,岐阜県,公益,817,,731,,394,,,,247,,20200221
388,空間情報サービス（株）,11-04374,千葉県,中小,130,,929,,435,,109,,,,20200221
389,クヌギ建設コンサルタント（株）,11-05389,山梨県,中小,934,,899,,,,,,,,20200221
390,（株）熊谷組,11-00118,東京都,大手,140,,328,,76,,174,,44,,20200221
391,クモノスコーポレーション（株）,11-04689,大阪府,大手,130,,450,,617,,,,,,20200221
392,（株）クリエート,11-03984,神奈川県,中小,341,,165,,571,,,,429,,20200221
393,（有）クリエイション,21-02817,札幌市,中小,962,,1181,,,,,,520,,20200221
394,（株）クレアリア,11-00528,東京都,中小,540,,314,,435,,,,247,,20200221
395,（株）黒木総合鑑定,11-03588,宮崎県,中小,540,,,,,,17,,,,20200221
396,（株）グラフィック,11-02462,長野県,大手,31,,328,,,,343,,132,,20200221
397,グリーン航業（株）,11-05423,東京都,中小,540,,731,,,,,,,,20200221
398,グリーン・コンサルタント（株）,11-00220,東京都,大手,125,,165,,,,,,,,20200221
399,（株）グリーンシグマ,11-02309,新潟県,中小,817,,361,,289,,,,,,20200221
400,（株）グリーン測量,22-00193,深川市,中小,540,,929,,,,,,,,20200221
401,グローバルプラネット（有）,25-00966,名寄市,中小,870,,1060,,,,,,,,20200221
402,（株）ケーアイ,21-00058,札幌市,中小,817,,1172,,,,,,,,20200221
403,（株）ケーディーエム,11-03968,大阪府,中小,792,,,,,,,,,,20200221
404,（株）ＫＲＣ,11-02250,長野県,中小,413,,267,,289,,,,,,20200221
405,計画エンジニヤリング（株）,11-03134,東京都,中小,413,,185,,,,,,247,,20200221
406,（株）計画情報研究所,11-03193,石川県,中小,870,,687,,571,,,,,,20200221
407,（株）ケイジー技研,21-02421,札幌市,中小,341,,433,,,,343,,215,,20200221
408,計測技研（株）,11-04981,兵庫県,中小,528,,567,,,,,,,,20200221
409,京福コンサルタント（株）,11-03163,福井県,中小,140,,267,,,,91,,73,,20200221
410,（株）計良調査設計,22-01514,砂川市,中小,540,,929,,,,,,,,20200221
411,（株）ケイワコンサル,21-01710,札幌市,中小,540,,929,,,,,,,,20200221
412,建基コンサルタント（株）,21-00595,札幌市,中小,277,,731,,,,174,,247,,20200221
413,（株）建成社,11-03558,神奈川県,中小,363,,731,,435,,59,,,,20200221
414,（株）建設エンジニアリング,11-04957,東京都,中小,703,,433,,270,,343,,429,,20200221
415,（株）建設環境研究所,11-00279,東京都,大手,140,,1,,289,,,,91,,20200221
416,（株）建設管理,11-02451,大阪府,中小,506,,450,,,,,,,,20200221
417,（株）建設技術研究所,11-00233,東京都,大手,140,,1,,116,,174,,27,,20200221
418,（株）建設技術コンサルタンツ,11-03959,鹿児島県,中小,34,,267,,,,174,,247,,20200221
419,（株）建設技術センター,11-02376,埼玉県,中小,807,,433,,,,,,,,20200221
420,（株）建設地盤,11-03563,東京都,中小,540,,731,,,,,,108,,20200221
421,（株）コーセツコンサルタント,11-04661,神奈川県,中小,277,,314,,435,,,,247,,20200221
422,（株）小出コンサルタント,27-00169,釧路市,中小,540,,731,,,,174,,,,20200221
423,（株）光栄技研,11-03908,岡山県,中小,703,,829,,,,343,,,,20200221
424,構営技術コンサルタント（株）,11-02289,高知県,中小,341,,243,,,,343,,429,,20200221
425,（株）興栄コンサルタント,11-02283,岐阜県,中小,34,,185,,435,,59,,247,,20200221
426,（株）光栄コンサルタント,23-00278,函館市,中小,817,,,,,,59,,,,20200221
427,（有）幸起測量設計,26-00592,苫小牧市,中小,703,,,,,,,,,,20200221
428,（一財）公共用地補償機構,11-04597,東京都,公益,703,,,,,,15,,,,20200221
429,（株）構研エンジニアリング,21-01159,札幌市,大手,140,,1,,,,,,53,,20200221
430,（株）高建総合コンサルタント,11-04332,高知県,中小,486,,480,,376,,106,,215,,20200221
431,（株）香島コンサルタント,21-00791,札幌市,中小,540,,731,,,,,,,,20200221
432,（株）公清企業,21-00858,札幌市,大手,817,,866,,,,,,,,20200221
433,（有）興測設計事務所,29-00296,斜里郡清里町,中小,540,,,,,,,,,,20200221
434,（株）鴻池組,11-00304,大阪府,大手,16,,267,,35,,174,,44,,20200221
435,（株）弘洋コンサルタンツ,11-04280,三重県,中小,140,,361,,,,174,,,,20200221
436,（株）興林,11-05102,東京都,中小,34,,610,,,,158,,,,20200221
437,（株）興和,11-01301,新潟県,大手,413,,267,,,,,,17,,20200221
438,（株）郡土木コンサルタント,27-00175,釧路市,中小,413,,610,,,,174,,,,20200221
439,（株）国際開発コンサルタンツ,11-01148,東京都,中小,363,,106,,289,,174,,247,,20200221
440,国際航業（株）,11-00040,東京都,大手,1,,1,,166,,174,,1,,20200221
441,国際文化財（株）,11-04380,東京都,中小,528,,,,,,,,,,20200221
442,（株）国策測量設計,25-00104,旭川市,中小,540,,731,,,,,,,,20200221
443,（株）国土開発センター,11-02236,石川県,大手,34,,1,,215,,6,,142,,20200221
444,国土情報開発（株）,11-02259,東京都,中小,363,,,,,,,,,,20200221
445,国土地図（株）,11-02516,東京都,中小,209,,,,,,,,,,20200221
446,国土防災技術北海道（株）,21-02644,札幌市,中小,540,,267,,,,,,108,,20200221
447,（株）コサカ技研,11-02447,青森県,中小,209,,267,,289,,53,,247,,20200221
448,小杉測量設計（株）,30-00095,留萌市,中小,209,,731,,,,109,,,,20200221
449,（株）コスモ,11-04699,兵庫県,中小,528,,829,,,,343,,429,,20200221
450,（株）コスモエンジニアリング,11-04630,東京都,中小,270,,,,,,,,,,20200221
451,コスモエンジニアリング（株）,11-04336,京都府,中小,792,,,,,,,,,,20200221
452,コスモ測量設計（株）,22-00060,深川市,中小,870,,1060,,,,,,,,20200221
453,小林技術コンサルタント（株）,27-00185,根室市,中小,363,,731,,,,174,,,,20200221
454,（株）小林組,26-00050,沙流郡平取町,中小,540,,,,,,,,,,20200221
455,（株）小林土木工業所,23-00010,函館市,中小,540,,929,,,,174,,,,20200221
456,（株）コバルト技建,11-02478,鹿児島県,大手,363,,184,,,,391,,,,20200221
457,湖北エンジニアリング（株）,11-02475,滋賀県,中小,413,,361,,,,174,,247,,20200221
458,（株）コンストラクションサポート,25-00096,旭川市,中小,486,,600,,,,343,,429,,20200221
459,五大開発（株）,11-02330,石川県,中小,277,,361,,,,174,,247,,20200221
460,五大建設コンサルタント（株）,25-00499,旭川市,中小,540,,610,,,,,,,,20200221
461,五洋建設（株）,11-00017,東京都,大手,413,,185,,207,,,,142,,20200221
462,前田測量（株）,26-00340,苫小牧市,中小,540,,,,,,,,,,20200221
463,（株）牧野測量,21-01154,札幌市,中小,540,,,,,,109,,,,20200221
464,（株）増田地質工業,11-04229,香川県,中小,540,,731,,,,,,108,,20200221
465,益村測量設計（株）,29-00118,網走市,中小,277,,489,,,,174,,247,,20200221
466,（株）間瀬コンサルタント,11-02317,東京都,大手,140,,106,,156,,6,,142,,20200221
467,マットコンサルタント（株）,21-01691,札幌市,中小,953,,1172,,,,,,,,20200221
468,（株）松木測量,21-00995,札幌市,中小,363,,,,,,,,,,20200221
469,（株）松木測量設計,27-00176,釧路市,中小,363,,929,,,,,,,,20200221
470,（株）松田技術コンサルタント,28-00541,帯広市,中小,413,,731,,,,,,,,20200221
471,（株）まつやコンサルタンツ,27-00371,釧路市,中小,870,,829,,,,,,429,,20200221
472,マリンテクノロジー（株）,11-03560,東京都,中小,792,,461,,,,,,,,20200221
473,丸栄調査設計（株）,11-04648,三重県,中小,209,,314,,435,,174,,247,,20200221
474,（株）マルチテックス,21-02931,札幌市,中小,870,,,,,,,,,,20200221
475,（株）丸博野沢組,26-00241,勇払郡厚真町,中小,817,,,,,,,,,,20200221
476,丸菱測量設計（株）,28-00228,帯広市,中小,540,,929,,,,,,,,20200221
477,三国屋建設（株）,11-04434,茨城県,大手,209,,,,,,,,,,20200221
478,三国屋建設コンサルタント（株）,11-03674,宮城県,中小,768,,1117,,,,,,,,20200221
479,（株）みすず綜合コンサルタント,11-02297,長野県,中小,140,,267,,435,,59,,108,,20200221
480,（株）ミズキコンプライアンス,11-03526,広島県,中小,792,,899,,639,,411,,502,,20200221
481,（株）ミズタエンジニアリング,25-00819,士別市,中小,916,,1117,,,,,,,,20200221
482,（株）みずほ栄設計,22-03226,岩見沢市,中小,209,,610,,,,,,247,,20200221
483,（株）みちのく計画,11-02214,青森県,中小,34,,361,,289,,53,,247,,20200221
484,三井共同建設コンサルタント（株）,11-00670,東京都,大手,34,,1,,289,,174,,67,,20200221
485,三井金属資源開発（株）,11-01906,東京都,中小,540,,610,,,,,,90,,20200221
486,（有）水戸技術設計コンサルタント,11-04702,茨城県,中小,817,,1172,,,,429,,518,,20200221
487,（株）みどり,11-05030,埼玉県,中小,967,,1188,,,,,,,,20200221
488,（株）緑の風景計画,11-02359,東京都,中小,703,,687,,376,,,,,,20200221
489,（株）南木測量設計事務所,23-00490,函館市,中小,540,,,,,,,,,,20200221
490,（株）南建設,11-05073,埼玉県,中小,277,,929,,435,,53,,247,,20200221
491,（株）未来開発コンサルタント,21-01439,札幌市,中小,953,,1172,,663,,,,,,20200221
492,（株）ムラコシ,29-00008,網走市,中小,413,,731,,,,174,,,,20200221
493,（株）ムロガ,11-05402,大阪府,中小,703,,1060,,571,,343,,,,20200221
494,（株）メーサイ,11-03562,大阪府,中小,792,,899,,,,,,108,,20200221
495,明治コンサルタント（株）,21-02981,札幌市,大手,140,,106,,,,174,,9,,20200221
496,（株）メイセイ・エンジニアリング,26-00472,室蘭市,中小,486,,309,,,,,,429,,20200221
497,明成コンサルタント（株）,21-01889,札幌市,中小,540,,731,,,,,,,,20200221
498,（株）メイホーエンジニアリング,11-02585,岐阜県,大手,34,,185,,,,109,,,,20200221
499,明和測量工業（株）,22-01524,岩見沢市,中小,540,,,,,,109,,,,20200221
500,メトロ設計（株）,11-03098,東京都,中小,540,,489,,435,,,,,,20200221
501,（有）メルカトル,22-03274,江別市,中小,916,,1117,,,,,,,,20200221
502,メルテックコンサルタント（株）,21-00804,札幌市,中小,540,,489,,,,,,247,,20200221
503,（株）メンテナンス・ネットワーク,21-02790,札幌市,中小,792,,731,,,,,,,,20200221
504,（株）本山測量設計,22-01530,岩見沢市,中小,540,,,,,,,,,,20200221
505,（株）森エンジニアリング,11-02239,群馬県,中小,341,,165,,571,,343,,429,,20200221
506,（株）モリ技術コンサル,21-00528,札幌市,中小,540,,,,,,,,,,20200221
507,内外エンジニアリング北海道（株）,21-02630,札幌市,中小,413,,361,,435,,,,142,,20200221
508,（株）ナオック,29-00536,北見市,中小,870,,1060,,,,,,,,20200221
509,（株）中神土木設計事務所,29-00253,北見市,中小,34,,361,,,,,,247,,20200221
510,ナカシャクリエイテブ（株）,11-03544,愛知県,大手,130,,731,,,,,,,,20200221
511,（株）中島測量設計,22-03196,石狩市,中小,540,,,,,,,,,,20200221
512,中日本航空（株）,11-00720,愛知県,大手,1,,267,,,,,,,,20200221
513,（株）中庭測量コンサルタント,11-02432,東京都,中小,16,,610,,,,109,,,,20200221
514,（株）ナカノアイシステム,11-03980,新潟県,大手,6,,610,,435,,31,,,,20200221
515,（株）ナビ設計,11-04342,東京都,中小,792,,489,,,,,,240,,20200221
516,南海測量設計（株）,11-04265,愛媛県,大手,6,,267,,,,85,,142,,20200221
517,（有）西岡測量設計事務所,21-01077,札幌市,中小,916,,,,,,,,,,20200221
518,ニシキコンサルタント（株）,11-00253,東京都,中小,540,,361,,,,,,,,20200221
519,西日本・開発コーポレーション（株）,11-04975,福岡県,中小,916,,866,,,,,,,,20200221
520,（株）西日本技術コンサルタント,11-02322,滋賀県,中小,413,,361,,435,,,,247,,20200221
521,（株）西日本建技,11-05103,大阪府,中小,506,,711,,617,,,,,,20200221
522,西日本高速道路エンジニアリング四国（株）,11-05095,香川県,大手,201,,97,,,,,,,,20200221
523,西松建設（株）,11-00090,東京都,大手,277,,267,,53,,174,,142,,20200221
524,（株）虹設計事務所,11-02240,東京都,中小,870,,829,,,,,,,,20200221
525,二水測量設計（株）,21-00867,札幌市,中小,540,,929,,,,,,,,20200221
526,ニチレキ（株）,11-00353,東京都,大手,209,,106,,,,,,,,20200221
527,日化エンジニアリング（株）,11-03938,大阪府,中小,140,,185,,,,,,247,,20200221
528,（株）日建技術コンサルタント,11-03202,大阪府,大手,34,,1,,166,,174,,91,,20200221
529,日建コンサルタント（株）,21-00762,札幌市,中小,540,,731,,,,,,,,20200221
530,（株）日建設計シビル,11-01295,大阪府,大手,209,,1,,76,,,,27,,20200221
531,（株）日航コンサルタント,11-01195,広島県,中小,209,,361,,435,,109,,142,,20200221
532,（株）日興ジオテック,25-00295,旭川市,中小,363,,567,,,,91,,,,20200221
533,（株）日さく,11-00238,埼玉県,大手,413,,185,,435,,,,17,,20200221
534,（株）日産技術コンサルタント,11-04615,大阪府,中小,413,,185,,156,,,,247,,20200221
535,日勝コンサルタント（株）,28-00901,河東郡音更町,中小,870,,,,,,,,,,20200221
536,日章測量設計（株）,26-00141,室蘭市,中小,540,,929,,,,,,,,20200221
537,（株）日新技術コンサルタント,11-02315,東京都,中小,277,,106,,289,,,,228,,20200221
538,日新測量（株）,26-00137,様似郡様似町,中小,768,,,,,,,,,,20200221
539,（株）日水コン,11-00010,東京都,大手,140,,1,,108,,,,142,,20200221
540,日測技研（株）,21-00087,札幌市,中小,34,,929,,,,174,,247,,20200221
541,日鉄鉱コンサルタント（株）,11-00317,福岡県,大手,140,,185,,,,174,,9,,20200221
542,日東綜合（株）,11-03174,青森県,中小,703,,1060,,571,,343,,429,,20200221
543,（株）日東測量設計社,27-00801,釧路市,中小,540,,,,,,174,,,,20200221
544,日特建設（株）,11-00132,東京都,大手,540,,461,,,,,,73,,20200221
545,（株）ＮＩＰＰＯ,11-00161,東京都,中小,540,,548,,,,,,228,,20200221
546,（株）日豊,11-02170,神奈川県,中小,201,,,,,,,,,,20200221
547,日本エンジニアリング（株）,11-02372,神奈川県,中小,486,,165,,,,343,,,,20200221
548,（株）日本海洋科学,11-00062,神奈川県,中小,870,,610,,,,,,,,20200221
549,日本交通技術（株）,11-00282,東京都,大手,140,,1,,289,,,,247,,20200221
550,日本道路（株）,11-00014,東京都,中小,540,,361,,,,,,247,,20200221
551,（株）日本インシーク,11-02299,大阪府,大手,16,,1,,215,,91,,53,,20200221
552,日本インフラマネジメント（株）,11-03721,岡山県,中小,34,,185,,,,109,,142,,20200221
553,日本海航測（株）,11-02483,石川県,中小,537,,,,,,,,,,20200221
554,（株）日本海コンサルタント,11-02455,石川県,大手,34,,1,,289,,17,,91,,20200221
555,日本海上工事（株）,11-01572,東京都,中小,506,,,,,,,,247,,20200221
556,日本海洋コンサルタント（株）,11-00687,東京都,中小,413,,106,,,,,,247,,20200221
557,（株）日本海洋生物研究所,11-01116,東京都,中小,817,,480,,,,,,,,20200221
558,日本海洋調査（株）,11-02218,静岡県,中小,703,,914,,,,,,514,,20200221
559,（一財）日本気象協会,11-00312,東京都,公益,16,,1,,,,,,,,20200221
560,（株）日本空港コンサルタンツ,11-00418,東京都,大手,413,,106,,93,,,,247,,20200221
561,日本工営（株）,11-00049,東京都,大手,34,,1,,116,,174,,9,,20200221
562,（株）日本構造橋梁研究所,11-00541,東京都,中小,540,,106,,,,,,142,,20200221
563,（株）日本港湾コンサルタント,11-02473,東京都,大手,277,,1,,,,,,142,,20200221
564,日本シビックコンサルタント（株）,11-00571,東京都,大手,277,,106,,435,,,,91,,20200221
565,日本振興（株）,11-00587,大阪府,大手,140,,1,,156,,6,,247,,20200221
566,（一社）日本森林技術協会,11-00741,東京都,公益,540,,929,,,,,,,,20200221
567,（一財）日本森林林業振興会,11-00638,東京都,公益,277,,731,,,,174,,,,20200221
568,（株）日本水工コンサルタント,11-04245,埼玉県,大手,140,,106,,289,,174,,247,,20200221
569,日本水工設計（株）,11-01177,東京都,大手,140,,1,,76,,,,142,,20200221
570,日本測地設計（株）,11-02268,東京都,大手,34,,256,,,,59,,,,20200221
571,日本データーサービス（株）,21-00023,札幌市,大手,140,,106,,116,,158,,247,,20200221
572,（一財）日本デジタル道路地図協会,11-05357,東京都,公益,703,,829,,,,,,,,20200221
573,日本都市技術（株）,11-03555,東京都,中小,34,,353,,435,,59,,247,,20200221
574,日本都市整備（株）,11-04681,神奈川県,中小,209,,489,,435,,174,,,,20200221
575,日本物理探鑛（株）,11-00520,東京都,大手,277,,267,,,,,,9,,20200221
576,日本ミクニヤ（株）,11-01276,神奈川県,大手,341,,165,,571,,,,429,,20200221
577,（株）ニューアクシス,25-01038,旭川市,中小,870,,829,,571,,,,,,20200221
578,（株）ニュージェック,11-00665,大阪府,大手,140,,1,,35,,,,27,,20200221
579,沼田測量設計（株）,26-00067,苫小牧市,中小,540,,,,,,,,,,20200221
580,（株）ネクシス光洋,25-00344,旭川市,中小,540,,929,,,,,,,,20200221
581,ＮＥＸＣＯ西日本イノベーションズ（株）,11-02563,大阪府,中小,540,,361,,,,,,247,,20200221
582,ＮＥＸＣＯ西日本コンサルタンツ（株）,11-02204,広島県,中小,277,,106,,,,,,91,,20200221
583,（株）ノース技研,23-00038,函館市,中小,277,,361,,,,174,,247,,20200221
584,（株）農土コンサル,21-01238,札幌市,中小,209,,185,,,,,,,,20200221
585,ライト工業（株）,11-00359,東京都,大手,817,,489,,,,,,108,,20200221
586,（株）ライフ計画事務所,11-02278,東京都,中小,817,,731,,435,,,,,,20200221
587,（株）ＬＡＴ環境クリエイト,11-04291,広島県,中小,945,,711,,649,,,,,,20200221
588,（株）ランズ計画研究所,11-03930,神奈川県,中小,916,,711,,617,,391,,,,20200221
589,ランドシステム（有）,29-00947,北見市,中小,916,,1183,,,,435,,,,20200221
590,ランド・スペース・ワークス（株）,21-02112,札幌市,中小,341,,687,,,,,,429,,20200221
591,ランドブレイン（株）,11-04347,東京都,大手,540,,1,,166,,,,247,,20200221
592,（株）リージャスト,23-00647,函館市,中小,703,,433,,,,343,,,,20200221
593,（株）利水社,11-02262,石川県,中小,34,,929,,,,109,,,,20200221
594,リテックエンジニアリング（株）,11-02320,東京都,中小,363,,256,,,,,,228,,20200221
595,（株）リブテック,21-00758,札幌市,中小,277,,361,,,,,,,,20200221
596,ルーチェサーチ（株）,11-05433,広島県,中小,965,,,,,,,,,,20200221
597,（株）ルーラルエンジニア,22-03004,深川市,中小,209,,256,,617,,,,,,20200221
598,留萌測量設計（株）,30-00092,留萌市,中小,540,,929,,,,,,,,20200221
599,（株）レアックス,21-00014,札幌市,中小,870,,600,,,,,,88,,20200221
600,（株）嶺水,11-03622,長野県,中小,277,,489,,,,174,,,,20200221
601,（株）レインボー・コンサルタント,11-01492,東京都,中小,916,,711,,,,,,484,,20200221
602,（株）レック,11-04298,大阪府,中小,703,,687,,571,,,,,,20200221
603,（同）サーベイ・ネット,21-01676,札幌市,中小,962,,,,,,,,,,20200221
604,（株）サーベイリサーチセンター,11-01248,東京都,大手,506,,353,,,,,,,,20200221
605,（公社）埼玉公共嘱託登記土地家屋調査士協会,11-04985,埼玉県,公益,792,,,,,,,,,,20200221
606,（有）坂口測量,22-03090,千歳市,中小,817,,,,,,,,,,20200221
607,嵯峨秀栄測量設計（株）,22-01527,岩見沢市,中小,363,,610,,,,174,,,,20200221
608,（株）さがら設計事務所,21-02359,札幌市,中小,870,,829,,571,,,,,,20200221
609,（株）佐川測量社,21-01177,札幌市,中小,413,,,,,,174,,,,20200221
610,（株）桜井測量,26-00257,浦河郡浦河町,中小,540,,929,,,,,,,,20200221
611,（株）笹田測量設計,21-01463,札幌市,中小,540,,,,,,,,,,20200221
612,（株）サッコウ測地,21-00834,札幌市,中小,363,,731,,,,,,,,20200221
613,（株）サッポロ・エンジニヤーズ,21-00817,札幌市,中小,413,,489,,,,,,247,,20200221
614,（株）佐藤測量,21-01418,札幌市,中小,540,,,,,,,,,,20200221
615,（株）サネックス,11-03579,青森県,中小,486,,1060,,,,343,,,,20200221
616,（有）サノ測量設計社,27-00253,標津郡中標津町,中小,540,,,,,,174,,,,20200221
617,砂防エンジニアリング（株）,11-03598,埼玉県,中小,486,,328,,,,,,429,,20200221
618,（有）サポートプランニング,26-00896,登別市,中小,703,,,,,,,,,,20200221
619,（株）三栄,11-03891,青森県,中小,413,,731,,,,109,,247,,20200221
620,（株）三栄コンサルタント,11-05114,岐阜県,中小,34,,267,,,,91,,247,,20200221
621,山王測量設計（株）,11-03576,東京都,中小,540,,929,,,,174,,,,20200221
622,（株）三紀,11-02267,東京都,中小,768,,353,,617,,,,,,20200221
623,（株）三協技術,11-01179,宮城県,大手,125,,165,,376,,343,,106,,20200221
624,（株）三共技術コンサルタント,22-03067,岩見沢市,中小,768,,1117,,,,,,,,20200221
625,（株）三共コンサルタント,25-00466,士別市,中小,341,,433,,,,154,,240,,20200221
626,サン技術コンサルタント（株）,29-00137,網走市,中小,209,,489,,435,,174,,247,,20200221
627,（株）サンコー,21-01746,札幌市,中小,540,,929,,,,,,,,20200221
628,サンコーコンサルタント（株）,11-00015,東京都,大手,140,,1,,289,,109,,17,,20200221
629,（株）三幸ランドプランニング,25-00348,旭川市,中小,34,,361,,,,174,,,,20200221
630,（株）三進,11-04971,栃木県,中小,703,,1060,,571,,343,,429,,20200221
631,（株）三水コンサルタント,11-01306,大阪府,大手,140,,1,,,,,,247,,20200221
632,サンスイコンサルタント（株）,11-00125,京都府,大手,140,,1,,435,,174,,247,,20200221
633,（株）サンテックインターナショナル,11-02504,東京都,大手,34,,106,,215,,59,,247,,20200221
634,三展ミネコンサルタント（株）,11-02201,茨城県,中小,341,,165,,,,,,,,20200221
635,（株）三祐コンサルタンツ,11-00055,愛知県,大手,34,,1,,435,,174,,73,,20200221
636,三陽技術コンサルタンツ（株）,11-04258,群馬県,中小,34,,361,,435,,109,,247,,20200221
637,（株）三洋コンサルタント,11-00527,東京都,中小,209,,185,,,,,,247,,20200221
638,（株）三陽測量設計,25-00554,旭川市,中小,817,,,,,,,,,,20200221
639,三洋テクノマリン（株）,11-00407,東京都,大手,130,,106,,,,,,247,,20200221
640,三和エンジニアリング（株）,11-04273,東京都,大手,201,,165,,,,,,,,20200221
641,（株）三和技術,11-02356,青森県,中小,413,,731,,435,,109,,,,20200221
642,三和建設コンサルタンツ（株）,11-03617,東京都,大手,277,,1,,,,,,247,,20200221
643,三和航測（株）,11-00176,東京都,中小,341,,1060,,649,,421,,,,20200221
644,（株）サンワコン,11-03957,福井県,大手,34,,106,,289,,91,,73,,20200221
645,（株）シー・イー・サービス,21-01328,札幌市,中小,34,,106,,,,,,142,,20200221
646,（株）シーウェイエンジニアリング,21-01265,札幌市,中小,703,,1060,,,,,,429,,20200221
647,（有）シー・エス・プランニング,29-01011,北見市,中小,953,,1172,,,,,,518,,20200221
648,（株）ＣＰＣ,11-05077,大阪府,中小,277,,106,,,,,,91,,20200221
649,（株）塩崎テクノブレイン,11-04354,埼玉県,中小,209,,731,,289,,59,,247,,20200221
650,塩見測量設計（株）,11-03584,京都府,中小,209,,361,,,,174,,142,,20200221
651,（株）篠田測量事務所,22-02805,雨竜郡沼田町,中小,540,,,,,,,,,,20200221
652,シバタ技術コンサルタンツ（株）,26-00191,苫小牧市,中小,413,,731,,,,109,,,,20200221
653,柴田工事調査（株）,11-04377,秋田県,中小,34,,267,,,,17,,142,,20200221
654,（有）柴田測量社,27-00235,白糠郡白糠町,中小,807,,,,,,,,,,20200221
655,（株）シバンス,22-03244,石狩市,中小,528,,731,,,,,,502,,20200221
656,（株）シビテック,21-00726,札幌市,大手,34,,106,,,,,,142,,20200221
657,（株）シビルデザインエンジニアリングケア,28-01011,帯広市,中小,945,,1159,,,,,,,,20200221
658,島口測量設計（株）,24-00299,小樽市,中小,703,,1060,,,,343,,,,20200221
659,（株）島田組,11-03442,大阪府,中小,125,,,,,,,,,,20200221
660,清水建設（株）,11-00283,東京都,大手,817,,267,,1,,,,27,,20200221
661,（株）下国測量,26-00214,室蘭市,中小,807,,,,,,,,,,20200221
662,（株）四門,11-02418,東京都,大手,34,,731,,108,,1,,,,20200221
663,写測エンジニアリング（株）,11-03233,大阪府,中小,6,,361,,,,91,,,,20200221
664,（株）シャトー海洋調査,11-00054,大阪府,中小,506,,731,,,,,,,,20200221
665,秀和設計コンサルタント（株）,11-03578,青森県,中小,486,,829,,571,,154,,429,,20200221
666,首都高技術（株）,11-04603,東京都,大手,405,,106,,416,,,,,,20200221
667,昇寿チャート（株）,11-00713,東京都,中小,506,,,,,,,,,,20200221
668,昭和（株）,11-00214,東京都,大手,6,,1,,215,,31,,247,,20200221
669,昭和エンジニアリング（株）,11-03230,大阪府,中小,277,,185,,,,174,,247,,20200221
670,（株）昭和設計,11-03184,大阪府,大手,540,,548,,35,,,,,,20200221
671,（株）昭和設計コンサルタント,11-04682,大阪府,中小,817,,610,,,,,,,,20200221
672,昭和測量（株）,11-05099,山梨県,中小,34,,731,,,,109,,142,,20200221
673,昭和測量設計（株）,11-05046,神奈川県,中小,363,,,,,,109,,,,20200221
674,（株）後志コンサル,24-00531,虻田郡倶知安町,中小,962,,,,,,,,,,20200221
675,（有）城山測量設計,11-04327,神奈川県,中小,916,,,,,,391,,,,20200221
676,（株）伸栄コンサル,26-00591,登別市,中小,768,,1117,,,,,,,,20200221
677,新栄コンサルタント（株）,25-00386,旭川市,中小,363,,361,,,,174,,,,20200221
678,真栄測量（株）,11-03914,東京都,中小,16,,,,,,,,,,20200221
679,（株）シン技術コンサル,21-00437,札幌市,大手,16,,106,,,,174,,142,,20200221
680,（株）新星コンサルタント,11-02464,茨城県,中小,34,,361,,,,174,,247,,20200221
681,（株）新東京ジオ・システム,11-02629,山形県,中小,277,,361,,,,174,,73,,20200221
682,（株）しんとう計測,11-02390,青森県,中小,209,,731,,435,,174,,247,,20200221
683,（有）新東測量設計社,28-00335,帯広市,中小,768,,1117,,,,,,,,20200221
684,（株）新土木開発コンサルタント,11-03120,兵庫県,中小,486,,433,,,,343,,,,20200221
685,（株）新日,11-02210,愛知県,中小,34,,267,,166,,17,,247,,20200221
686,（株）新日本エグザ,11-03630,埼玉県,中小,209,,610,,435,,109,,247,,20200221
687,新日本環境調査（株）,11-02177,東京都,中小,817,,610,,,,,,247,,20200221
688,新日本グラウト工業（株）,11-04073,福岡県,中小,817,,567,,,,,,108,,20200221
689,（株）新日本コンサルタント,11-04665,富山県,大手,34,,106,,289,,91,,142,,20200221
690,新日本設計（株）,11-05054,静岡県,中小,201,,309,,571,,343,,429,,20200221
691,（株）森林環境リアライズ,21-02677,札幌市,中小,792,,731,,,,411,,,,20200221
692,（株）森林コンサルタント,11-04692,大阪府,中小,792,,929,,,,,,,,20200221
693,（株）森林テクニクス,11-00276,東京都,大手,125,,165,,,,167,,132,,20200221
694,信和設計（株）,11-04254,東京都,中小,540,,361,,,,174,,247,,20200221
695,新和測量（株）,26-00003,日高郡新ひだか町,中小,209,,,,,,,,,,20200221
696,（株）ＧＩＳ北海道,21-01740,札幌市,中小,270,,,,,,,,,,20200221
697,ジーアンドエスエンジニアリング（株）,11-02494,福岡県,中小,277,,106,,435,,174,,247,,20200221
698,（株）Ｊ－サーチ,21-02908,札幌市,中小,934,,1147,,,,,,,,20200221
699,ジェイアール北海道エンジニアリング（株）,21-01291,札幌市,大手,413,,361,,235,,174,,,,20200221
700,ＪＸ金属探開（株）,11-00285,東京都,中小,413,,450,,,,,,73,,20200221
701,（株）ジェーエステック,11-03627,埼玉県,中小,703,,309,,,,343,,429,,20200221
702,（株）ＧＥＯソリューションズ,11-04348,兵庫県,中小,413,,1147,,,,,,,,20200221
703,（株）ジオテクノ関西,11-02273,兵庫県,中小,130,,,,,,,,,,20200221
704,ジオテクノス（株）,11-04101,東京都,中小,540,,361,,,,,,108,,20200221
705,（株）ジオネット,21-02547,札幌市,中小,537,,,,,,,,,,20200221
706,（株）ジオリサーチ,21-01114,札幌市,中小,341,,1159,,,,,,,,20200221
707,ジビル調査設計（株）,11-02220,福井県,中小,277,,185,,435,,174,,142,,20200221
708,（株）ジャパックス,11-05116,兵庫県,中小,209,,361,,,,,,,,20200221
709,（株）上智,11-03550,富山県,大手,16,,361,,289,,31,,,,20200221
710,（株）ジルコ,11-00610,東京都,中小,413,,185,,435,,,,247,,20200221
711,（株）水圏科学コンサルタント,11-05390,東京都,中小,768,,548,,,,391,,,,20200221
712,（株）水工技研,21-01883,札幌市,中小,768,,450,,,,,,484,,20200221
713,（株）水工リサーチ,21-01365,札幌市,中小,540,,929,,,,,,,,20200221
714,（一社）水産土木建設技術センター,11-04415,東京都,公益,486,,267,,,,,,,,20200221
715,（株）水文環境,11-02305,東京都,中小,703,,1060,,,,,,,,20200221
716,（株）菅野測量設計,11-03896,山形県,中小,277,,610,,435,,174,,247,,20200221
717,（株）菅原測量設計,26-00405,室蘭市,中小,540,,,,,,,,,,20200221
718,スキャドロン（株）,11-04646,奈良県,中小,413,,610,,,,174,,247,,20200221
719,（株）薄田測量設計事務所,23-00481,函館市,中小,540,,,,,,174,,,,20200221
720,（有）鈴木測量設計事務所,28-00487,中川郡幕別町,中小,540,,,,,,,,,,20200221
721,（株）スタッド,11-02445,東京都,大手,341,,243,,376,,,,,,20200221
722,住鉱資源開発（株）,11-00100,東京都,中小,817,,461,,,,,,53,,20200221
723,スミセキ・ジオテクノ（株）,21-00418,札幌市,中小,209,,929,,,,174,,247,,20200221
724,（株）スリーエスコンサルタンツ,11-03223,大阪府,中小,341,,165,,571,,,,429,,20200221
725,（株）駿府設計,11-03992,東京都,中小,540,,361,,,,,,,,20200221
726,（株）ズコーシャ,28-00002,帯広市,大手,34,,106,,289,,31,,142,,20200221
727,（株）セア・プラス,11-03974,神奈川県,中小,405,,1060,,,,,,429,,20200221
728,（株）静環検査センター,11-03606,静岡県,大手,870,,328,,,,,,429,,20200221
729,（株）青秋,11-02410,青森県,中小,209,,567,,,,109,,247,,20200221
730,（株）西播設計,11-02400,兵庫県,中小,277,,267,,435,,31,,142,,20200221
731,（株）成和技術,11-02223,山形県,中小,209,,610,,435,,91,,247,,20200221
732,成和コンサルタント（株）,11-02411,東京都,中小,540,,185,,,,,,247,,20200221
733,正和設計（株）,11-02467,滋賀県,中小,34,,185,,435,,174,,247,,20200221
734,（株）施工技術研究所,11-04241,東京都,大手,341,,165,,571,,,,,,20200221
735,（株）瀬野測量コンサル,28-00511,帯広市,中小,945,,,,,,,,,,20200221
736,（株）セリオス,11-03946,大阪府,中小,130,,256,,394,,391,,,,20200221
737,（株）センク２１,11-00717,東京都,中小,540,,185,,,,,,,,20200221
738,（株）センソクコンサルタント,11-04951,宮城県,中小,209,,610,,,,,,,,20200221
739,セントラル技研（株）,11-05422,青森県,中小,540,,731,,,,174,,247,,20200221
740,セントラルコンサルタント（株）,11-00500,東京都,大手,140,,1,,289,,,,142,,20200221
741,全日本コンサルタント（株）,11-05425,大阪府,中小,209,,106,,166,,,,247,,20200221
742,（株）ゼンリン,11-03205,福岡県,大手,34,,,,,,,,,,20200221
743,（株）創建社,21-01146,札幌市,中小,817,,929,,116,,,,,,20200221
744,（株）総合環境計画,11-04012,東京都,中小,870,,461,,571,,,,429,,20200221
745,総合技術開発（株）,11-02543,東京都,中小,341,,243,,,,,,,,20200221
746,（株）綜合技術コンサルタント,11-00555,東京都,大手,277,,1,,,,,,91,,20200221
747,（株）創生コンサルタント,21-01687,岩見沢市,中小,703,,899,,,,,,,,20200221
748,宗谷測量（株）,31-00035,稚内市,中小,540,,929,,,,174,,247,,20200221
749,（株）測進開発,11-05408,宮崎県,中小,703,,,,,,343,,,,20200221
750,（株）測新開発,25-00636,旭川市,中小,870,,1060,,,,,,,,20200221
751,（株）測土開発,23-00370,檜山郡江差町,中小,703,,1060,,,,343,,,,20200221
752,（株）測機社,21-01873,札幌市,中小,540,,929,,,,,,,,20200221
753,（株）空知コンサルタント,22-01561,美唄市,中小,540,,,,,,174,,,,20200221
754,（株）ソレイユ,11-05091,東京都,中小,341,,,,376,,83,,,,20200221
755,（株）大輝,11-03148,東京都,中小,16,,610,,435,,109,,247,,20200221
756,大起コンサルタント（株）,29-00277,北見市,中小,363,,929,,,,174,,247,,20200221
757,大成エンジニアリング（株）,11-00266,東京都,大手,140,,1,,,,,,247,,20200221
758,大成建設（株）,11-00126,東京都,中小,413,,1,,35,,,,142,,20200221
759,（株）大成コンサル,11-03632,青森県,中小,277,,567,,435,,109,,247,,20200221
760,大成測量設計（株）,25-00173,旭川市,中小,817,,,,,,429,,,,20200221
761,（株）泰斗エンジニア,21-02558,札幌市,中小,807,,1159,,,,,,,,20200221
762,太平洋総合コンサルタント（株）,27-00338,釧路市,中小,277,,267,,,,109,,108,,20200221
763,（株）タイホクプランニング,25-00572,富良野市,中小,703,,829,,,,,,,,20200221
764,太洋エンジニアリング（株）,11-03536,奈良県,中小,34,,185,,,,59,,142,,20200221
765,（株）大洋画地,11-00199,埼玉県,中小,34,,610,,,,174,,,,20200221
766,（株）太陽測地社,11-02351,石川県,中小,506,,929,,,,,,247,,20200221
767,大陸建設（株）,27-00130,釧路市,中小,506,,,,,,,,,,20200221
768,（株）タカギエンジニア,24-00471,小樽市,中小,916,,1183,,,,,,,,20200221
769,（株）高崎,21-01534,札幌市,中小,506,,1117,,617,,158,,,,20200221
770,（株）高崎総合コンサルタント,11-00708,福岡県,中小,34,,185,,,,174,,247,,20200221
771,（株）高島テクノロジーセンター,11-02594,神奈川県,大手,277,,106,,435,,,,247,,20200221
772,（株）タカダ,11-01247,大阪府,大手,540,,,,,,6,,,,20200221
773,高野測量（有）,29-00043,網走市,中小,540,,,,,,,,,,20200221
774,（有）高橋測量事務所,27-00129,根室市,中小,540,,,,,,,,,,20200221
775,高橋測量設計（株）,28-00363,中川郡幕別町,中小,540,,929,,,,,,,,20200221
776,滝川測量設計（株）,22-01795,滝川市,中小,540,,929,,,,,,,,20200221
777,（株）拓殖設計,21-00208,札幌市,中小,363,,610,,,,,,,,20200221
778,拓新エンジニア（株）,22-01660,夕張郡長沼町,中小,413,,929,,,,,,,,20200221
779,（株）タケカワ総合コンサルタント,21-01176,札幌市,中小,209,,731,,,,,,,,20200221
780,（株）武田測量設計事務所,21-00742,札幌市,中小,277,,731,,,,,,,,20200221
781,（株）タナカコンサルタント,26-00245,苫小牧市,中小,34,,267,,,,17,,142,,20200221
782,（株）田中測量設計,28-00134,帯広市,中小,817,,929,,,,174,,,,20200221
783,（株）田西設計コンサル,21-00365,札幌市,中小,209,,489,,,,,,247,,20200221
784,（株）玉川測量設計事務所,23-00260,函館市,中小,540,,929,,,,,,,,20200221
785,玉野総合コンサルタント（株）,11-05399,愛知県,大手,6,,1,,116,,6,,53,,20200221
786,（株）田宮設計事務所,21-01108,札幌市,中小,413,,489,,,,,,,,20200221
787,第一建設設計（株）,11-02288,大阪府,中小,413,,361,,,,,,247,,20200221
788,第一航業（株）,11-03599,東京都,中小,16,,610,,,,174,,,,20200221
789,（株）第一総合エンジニア,11-04638,広島県,中小,209,,267,,435,,174,,247,,20200221
790,（株）第一テクノコンサルタンツ,11-03659,宮崎県,中小,540,,731,,,,174,,,,20200221
791,第一復建（株）,11-00493,福岡県,大手,34,,106,,,,109,,142,,20200221
792,（株）ダイイチプラニング,25-00239,旭川市,中小,413,,731,,,,174,,,,20200221
793,（株）ダイエツ,11-04949,福島県,中小,277,,567,,,,174,,142,,20200221
794,大開技術コンサルタント（株）,28-00128,中川郡幕別町,中小,540,,731,,,,174,,,,20200221
795,（株）大共,31-00047,稚内市,中小,870,,,,,,,,,,20200221
796,（株）大進,11-04349,鹿児島県,中小,140,,185,,289,,53,,247,,20200221
797,（株）大進コンサルタント,11-03965,熊本県,中小,209,,489,,,,174,,,,20200221
798,ダイシン設計（株）,21-00313,札幌市,中小,34,,185,,,,,,108,,20200221
799,（株）ダイセキ環境ソリューション,11-05312,愛知県,大手,768,,1117,,,,,,484,,20200221
800,（株）大地開発,11-05453,福島県,中小,528,,,,,,,,,,20200221
801,大地コンサルタント（株）,25-00025,旭川市,中小,540,,267,,,,,,23,,20200221
802,（株）大地設計事務所,11-03994,新潟県,中小,768,,1117,,,,391,,,,20200221
803,（有）大東測量,27-00837,川上郡弟子屈町,中小,703,,,,,,,,,,20200221
804,大同コンサルタンツ（株）,11-04690,岐阜県,大手,34,,185,,,,31,,247,,20200221
805,大同情報技術（株）,11-02323,東京都,中小,506,,929,,,,174,,,,20200221
806,大日コンサルタント（株）,11-00104,岐阜県,大手,34,,1,,289,,59,,67,,20200221
807,大日本コンサルタント（株）,11-00704,東京都,大手,34,,1,,215,,174,,27,,20200221
808,大福コンサルタント（株）,11-04695,鹿児島県,中小,34,,185,,435,,31,,247,,20200221
809,（株）ダイヤコンサルタント,11-00027,東京都,大手,140,,1,,,,,,1,,20200221
810,（株）ダイワ技術サービス,11-04631,宮城県,中小,125,,433,,,,343,,88,,20200221
811,大和測量設計（株）,11-03629,東京都,中小,209,,,,,,59,,,,20200221
812,大和探査技術（株）,11-00873,東京都,大手,34,,361,,,,,,23,,20200221
813,（株）大和地質,11-03097,愛知県,中小,540,,731,,,,,,108,,20200221
814,（株）地域開発エンジニアリング,29-00567,北見市,中小,817,,929,,,,,,,,20200221
815,（株）地域開発コンサルタンツ,11-03088,東京都,中小,540,,731,,,,,,,,20200221
816,（株）地域計画センター,21-00835,札幌市,中小,817,,610,,,,,,,,20200221
817,（株）地球科学総合研究所,11-01158,東京都,大手,209,,361,,,,,,16,,20200221
818,（株）地研コンサルタンツ,11-03186,埼玉県,中小,540,,731,,,,,,108,,20200221
819,（株）地圏総合コンサルタント,11-04025,東京都,中小,140,,106,,,,,,27,,20200221
820,千葉エンジニアリング（株）,11-02559,千葉県,中小,486,,480,,,,,,27,,20200221
821,（株）千葉測量技研,11-03559,宮城県,中小,405,,829,,,,343,,429,,20200221
822,千廣測量（株）,21-00934,札幌市,中小,540,,929,,,,174,,247,,20200221
823,（株）中央エンジニア,28-00200,帯広市,中小,540,,929,,,,,,,,20200221
824,中央開発（株）,11-00627,東京都,大手,140,,1,,435,,174,,1,,20200221
825,中央技術（株）,11-03939,茨城県,中小,34,,361,,235,,31,,247,,20200221
826,（株）中央技術コンサルタンツ,11-03200,東京都,大手,140,,106,,289,,,,142,,20200221
827,（株）中央クリエイト,11-02534,東京都,大手,768,,711,,166,,5,,484,,20200221
828,中央建鉄（株）,11-00378,東京都,中小,540,,929,,289,,28,,247,,20200221
829,中央コンサルタンツ（株）,11-00424,愛知県,大手,140,,1,,289,,174,,44,,20200221
830,（株）中央ジオマチックス,11-03600,東京都,中小,363,,,,,,,,,,20200221
831,（株）中央設計技術研究所,11-04599,石川県,大手,277,,1,,289,,,,247,,20200221
832,中央測建（株）,21-01334,札幌市,中小,540,,,,,,,,,,20200221
833,中央復建コンサルタンツ（株）,11-00180,大阪府,大手,34,,1,,166,,91,,44,,20200221
834,（株）中央補償コンサルタント,11-04954,福岡県,中小,817,,,,435,,31,,,,20200221
835,中外テクノス（株）,11-02438,広島県,大手,341,,97,,376,,,,,,20200221
836,中電技術コンサルタント（株）,11-01275,広島県,大手,34,,1,,116,,174,,27,,20200221
837,中部地質（株）,11-01969,石川県,中小,540,,461,,,,,,39,,20200221
838,（株）中部テクノス,11-04701,愛知県,中小,209,,929,,,,,,,,20200221
839,（株）長大,11-00472,東京都,大手,140,,1,,116,,,,44,,20200221
840,（株）長大テック,11-04333,東京都,大手,506,,256,,,,,,,,20200221
841,（株）千代田コンサルタント,11-00688,東京都,大手,140,,1,,289,,174,,142,,20200221
842,通信土木コンサルタント（株）,11-04251,東京都,大手,140,,1,,,,,,,,20200221
843,通信土木設計（株）,21-02519,札幌市,中小,506,,,,,,,,,,20200221
844,（株）ツカサ技研,23-00149,函館市,中小,413,,929,,,,174,,,,20200221
845,月館測量設計（株）,23-00600,函館市,中小,413,,731,,,,,,,,20200221
846,（株）津村測量設計,27-00424,標津郡中標津町,中小,413,,929,,,,,,,,20200221
847,テーエス測量設計（株）,22-00485,恵庭市,中小,807,,1159,,,,,,,,20200221
848,Ｔ・Ｅ・Ｃ（株）,21-02986,札幌市,中小,540,,,,,,,,,,20200221
849,（株）ティーネットジャパン,11-00947,香川県,大手,140,,1,,289,,174,,247,,20200221
850,ティ・ケイエンジ（株）,11-03586,宮城県,中小,703,,461,,571,,,,429,,20200221
851,（株）テイコク,11-04930,岐阜県,大手,16,,1,,289,,31,,73,,20200221
852,（株）帝国コンサルタント,11-02222,福井県,中小,34,,185,,,,174,,108,,20200221
853,（株）帝国設計事務所,21-01370,札幌市,中小,277,,314,,435,,,,247,,20200221
854,（株）テクノ,11-04617,福岡県,中小,413,,361,,435,,109,,247,,20200221
855,（有）テクノ関西,11-05388,大阪府,中小,916,,,,,,,,,,20200221
856,（株）テクノマップ,11-04026,石川県,中小,275,,,,,,,,,,20200221
857,鉄建建設（株）,11-00013,東京都,中小,413,,461,,,,,,,,20200221
858,（株）データ設計,11-03668,東京都,中小,817,,610,,,,,,,,20200221
859,（株）データベース,21-01732,札幌市,大手,540,,731,,435,,,,,,20200221
860,（株）ディ・エス・ジー,29-00835,斜里郡小清水町,中小,768,,,,,,,,484,,20200221
861,（株）トーアテック,11-04263,神奈川県,中小,413,,929,,,,174,,,,20200221
862,（株）トーコー地質,11-04351,東京都,中小,540,,567,,,,,,65,,20200221
863,（株）トーコーテック,11-03108,東京都,中小,870,,328,,,,,,,,20200221
864,（株）トータル測量設計,26-00220,苫小牧市,中小,703,,1060,,,,,,,,20200221
865,（株）トーニチコンサルタント,11-00067,東京都,大手,140,,1,,289,,,,142,,20200221
866,（株）トーホーエンジニアリング,21-02593,札幌市,中小,209,,361,,,,,,,,20200221
867,（株）東亜エンジニアリング,21-00798,札幌市,中小,363,,361,,435,,174,,247,,20200221
868,東亜建設技術（株）,11-03944,福岡県,大手,34,,185,,289,,31,,247,,20200221
869,東亜建設工業（株）,11-00080,東京都,大手,209,,328,,215,,,,91,,20200221
870,東亜道路工業（株）,11-00012,東京都,大手,540,,361,,,,,,,,20200221
871,東央測量設計（株）,23-00550,北斗市,中小,870,,,,,,,,,,20200221
872,（株）東海建設コンサルタント,11-03610,静岡県,中小,209,,361,,435,,174,,247,,20200221
873,（株）トウカイコンサル,23-01121,函館市,中小,768,,,,,,391,,,,20200221
874,東京カートグラフィック（株）,11-04916,東京都,中小,209,,,,,,,,,,20200221
875,（株）東京久栄,11-00309,東京都,中小,807,,267,,649,,,,,,20200221
876,（株）東京建設コンサルタント,11-00752,東京都,大手,34,,1,,289,,,,73,,20200221
877,東京コンサルタンツ（株）,11-00878,東京都,大手,140,,106,,,,,,91,,20200221
878,（株）東京設計事務所,11-02331,東京都,大手,277,,1,,116,,,,247,,20200221
879,（株）東京ソイルリサーチ,11-00324,東京都,大手,34,,185,,93,,,,1,,20200221
880,（株）東京ランドスケープ研究所,11-00651,東京都,中小,817,,610,,289,,,,,,20200221
881,（株）東建工営,11-03241,宮城県,大手,140,,1,,289,,109,,,,20200221
882,（株）東建ジオテック,11-04604,埼玉県,大手,277,,267,,,,,,9,,20200221
883,（株）東研測量,21-01239,札幌市,中小,540,,,,,,174,,,,20200221
884,（株）東光コンサルタンツ,11-00588,東京都,大手,34,,1,,435,,,,142,,20200221
885,東光コンサルタント（株）,25-00108,旭川市,中小,363,,929,,,,109,,,,20200221
886,東信技術（株）,11-03937,青森県,中小,413,,731,,435,,109,,247,,20200221
887,（株）東設土木コンサルタント,11-03062,東京都,中小,201,,328,,,,,,215,,20200221
888,（株）東鵬開発,23-00339,函館市,中小,140,,185,,,,174,,247,,20200221
889,東邦コンサルタント（株）,27-00007,釧路市,中小,34,,361,,,,109,,142,,20200221
890,東邦地水（株）,11-01590,三重県,中小,277,,328,,,,,,9,,20200221
891,東北測量（株）,11-00050,青森県,中小,209,,929,,435,,109,,247,,20200221
892,東北緑化環境保全（株）,11-02574,宮城県,大手,540,,1,,,,,,247,,20200221
893,東友エンジニアリング（株）,11-02622,宮城県,中小,703,,829,,571,,343,,215,,20200221
894,東洋技建（株）,11-03956,東京都,中小,540,,929,,289,,59,,247,,20200221
895,東洋技研コンサルタント（株）,11-00290,大阪府,大手,140,,106,,,,,,142,,20200221
896,東洋建設（株）,11-00002,東京都,中小,413,,610,,435,,,,142,,20200221
897,（株）東洋コンサルタント,11-00775,東京都,中小,277,,185,,435,,,,142,,20200221
898,（株）東洋設計,11-00911,石川県,大手,140,,1,,289,,109,,247,,20200221
899,（株）東洋設計事務所,11-04249,東京都,中小,540,,450,,289,,,,247,,20200221
900,東和工研（株）,28-00003,帯広市,中小,34,,361,,435,,109,,,,20200221
901,東和コンサルタント（株）,21-01872,札幌市,中小,363,,731,,,,174,,,,20200221
902,（株）東和設計,11-03986,千葉県,中小,870,,531,,,,,,429,,20200221
903,（有）東和測量,22-03174,滝川市,中小,953,,1172,,,,,,,,20200221
904,トキワ地研（株）,21-00011,札幌市,中小,413,,361,,,,,,53,,20200221
905,都市再生調査事業（同）,11-04344,東京都,中小,934,,1147,,,,411,,,,20200221
906,（株）トップライズ,11-03671,新潟県,大手,33,,450,,394,,391,,,,20200221
907,飛島建設（株）,11-00070,東京都,中小,413,,328,,108,,,,91,,20200221
908,（有）苫小牧測量社,26-00401,苫小牧市,中小,540,,,,,,,,,,20200221
909,（株）巴設計,29-00408,北見市,中小,703,,687,,,,,,,,20200221
910,豊福設計（株）,11-05004,長崎県,中小,277,,267,,,,,,,,20200221
911,（株）トラスト技研,21-01750,札幌市,中小,703,,,,,,,,,,20200221
912,トラバース測量設計（有）,29-00903,紋別郡興部町,中小,945,,,,,,,,,,20200221
913,（株）ドーコン,21-00130,札幌市,大手,34,,1,,35,,59,,27,,20200221
914,（株）ドート,21-01593,札幌市,中小,703,,687,,,,,,,,20200221
915,道建コンサルタント（株）,26-00127,伊達市,中小,540,,489,,,,,,247,,20200221
916,（株）道測テクニス,21-01424,札幌市,中小,363,,929,,,,174,,,,20200221
917,道南測量（株）,26-01037,勇払郡厚真町,中小,945,,,,,,,,,,20200221
918,道南測量設計（株）,23-00416,檜山郡江差町,中小,703,,,,,,,,,,20200221
919,（株）道路計画,11-03955,東京都,中小,817,,450,,435,,,,,,20200221
920,（株）道路建設コンサルタント,11-00905,千葉県,中小,341,,165,,,,,,429,,20200221
921,（株）土木開発センター,25-00082,旭川市,中小,540,,929,,435,,174,,,,20200221
922,（株）ドボク管理,29-00186,北見市,中小,34,,185,,,,109,,,,20200221
923,（株）土木技研,11-04623,岩手県,中小,34,,361,,,,59,,247,,20200221
924,（株）土木技術コンサルタント,28-00321,帯広市,中小,34,,185,,,,,,247,,20200221
925,土木測量設計（株）,28-00385,足寄郡足寄町,中小,540,,929,,,,,,,,20200221
926,（株）ドラムエンジニアリング,11-00491,東京都,中小,817,,314,,,,,,,,20200221
927,若鈴コンサルタンツ（株）,11-00660,愛知県,大手,34,,106,,289,,174,,228,,20200221
928,和歌山航測（株）,11-03058,和歌山県,中小,209,,361,,,,174,,247,,20200221
929,（株）ワコー,11-03634,福岡県,中小,870,,,,,,,,,,20200221
930,和光技研（株）,21-00653,札幌市,中小,34,,185,,435,,109,,91,,20200221
931,（有）和光測量,25-00518,旭川市,中小,540,,,,,,,,,,20200221
932,（株）和田建築設計事務所,11-05050,福島県,中小,945,,1159,,649,,,,,,20200221
933,野外科学（株）,21-00849,札幌市,中小,209,,361,,,,174,,142,,20200221
934,（株）安井測量設計事務所,28-00219,帯広市,中小,209,,489,,,,174,,,,20200221
935,（株）安川測量,25-00584,旭川市,中小,540,,,,,,,,,,20200221
936,八千代エンジニヤリング（株）,11-00164,東京都,大手,140,,1,,76,,174,,27,,20200221
937,（株）山口技研コンサルタント,26-00171,苫小牧市,中小,540,,929,,,,174,,,,20200221
938,ヤマケン測量企画（株）,27-00407,釧路市,中小,703,,,,,,,,,,20200221
939,（株）山腰測量設計事務所,29-00417,北見市,中小,363,,731,,,,,,,,20200221
940,やまざきコンサルタント（株）,25-00062,旭川市,中小,540,,610,,,,,,,,20200221
941,山下コンサルタント（株）,27-00052,釧路市,中小,277,,489,,435,,174,,,,20200221
942,（株）山田測量設計,26-00421,登別市,中小,817,,,,,,,,,,20200221
943,（株）山調住建コンサルタント,21-02401,札幌市,中小,363,,731,,,,,,,,20200221
944,（株）ヤマテック,11-04204,京都府,中小,703,,,,,,,,,,20200221
945,（株）ユーアール補償技術研究所,11-05441,福島県,中小,817,,,,435,,91,,,,20200221
946,（株）ＵＲリンケージ,11-04343,東京都,大手,140,,1,,1,,6,,247,,20200221
947,ユーロフィン日本環境（株）,11-03185,神奈川県,大手,540,,106,,435,,174,,247,,20200221
948,（株）雪研スノーイーターズ,21-01629,札幌市,中小,486,,433,,,,,,,,20200221
949,（株）ユニオン,11-03663,岐阜県,中小,34,,185,,435,,59,,247,,20200221
950,（株）ユニオン・コンサルタント,21-00874,札幌市,中小,540,,361,,,,,,73,,20200221
951,（有）ユニオン測量設計,26-00922,勇払郡安平町,中小,953,,,,,,,,,,20200221
952,ユニオンデーターシステム（株）,21-00359,札幌市,中小,363,,610,,,,,,,,20200221
953,（株）ユニテック,21-01345,札幌市,中小,363,,929,,,,,,,,20200221
954,（株）用地・環境調査センター,11-03529,埼玉県,中小,817,,,,,,31,,,,20200221
955,（株）横浜コンサルティングセンター,11-04918,神奈川県,大手,275,,165,,,,,,,,20200221
956,（株）横浜テクノス,11-03995,神奈川県,中小,703,,,,,,,,132,,20200221
957,（有）横山測量設計事務所,29-00889,斜里郡斜里町,中小,870,,,,,,,,,,20200221
958,（株）よしだ設計コンサルタント,21-02537,札幌市,中小,768,,866,,,,,,,,20200221
959,（株）吉田測量設計,11-02226,岩手県,中小,34,,361,,435,,17,,247,,20200221
960,（株）淀川アクテス,11-03218,大阪府,中小,209,,489,,,,174,,,,20200221
961,淀川地所（株）,11-04640,大阪府,中小,703,,,,,,,,,,20200221
962,（株）四航コンサルタント,11-04927,香川県,中小,16,,929,,,,174,,,,20200221
963,アースサイエンス（株）,21-01025,札幌市,中小,,,914,,,,,,,,20200221
964,（株）アース総研,21-01544,札幌市,中小,,,1060,,571,,343,,429,,20200221
965,アートエンジニアリング（株）,11-02188,東京都,中小,,,929,,,,,,,,20200221
966,（株）アール・アイ・エー,11-02219,東京都,大手,,,106,,1,,,,,,20200221
967,（株）アール・ピー・アイ,11-04938,東京都,中小,,,610,,435,,,,,,20200221
968,（株）ＩＨＩインフラ建設,11-00724,東京都,大手,,,1060,,,,,,,,20200221
969,（株）アイ・エス・エス,11-04694,東京都,大手,,,567,,198,,,,,,20200221
970,（株）ＩＮＡ新建築研究所,11-00066,東京都,大手,,,866,,1,,,,,,20200221
971,ｉエンジニアリング（株）,11-04945,千葉県,中小,,,1147,,639,,,,,,20200221
972,（株）アイコ,11-04654,愛知県,中小,,,531,,,,,,215,,20200221
973,（株）ＩＣ技術コンサルタント,21-02983,札幌市,中小,,,600,,,,,,,,20200221
974,（株）愛植物設計事務所,11-03570,東京都,中小,,,866,,,,,,,,20200221
975,（株）アイ・ティ・エス,21-02962,札幌市,中小,,,1117,,,,,,,,20200221
976,アイテック（株）,11-02389,大阪府,大手,,,567,,,,,,,,20200221
977,青木あすなろ建設（株）,11-00258,東京都,大手,,,328,,156,,174,,142,,20200221
978,（株）青島裕之建築設計室,11-05407,東京都,中小,,,1117,,394,,,,,,20200221
979,（株）アクアジオテクノ,21-00556,札幌市,中小,,,600,,,,,,132,,20200221
980,（株）アクアスペース,11-04161,東京都,中小,,,1060,,,,,,429,,20200221
981,（株）淺沼組,11-00094,大阪府,大手,,,567,,,,,,,,20200221
982,アサヒ地水探査（株）,11-05398,東京都,中小,,,929,,,,,,228,,20200221
983,（株）明日香コンサルタント,11-04247,広島県,中小,,,600,,,,,,,,20200221
984,（株）梓設計,11-00170,東京都,大手,,,489,,1,,174,,,,20200221
985,（株）アトリエアク,21-01135,札幌市,中小,,,929,,166,,,,,,20200221
986,（株）アトリエブンク,21-01115,札幌市,中小,,,929,,76,,,,247,,20200221
987,（株）アミック,11-04956,神奈川県,中小,,,866,,282,,391,,484,,20200221
988,アルスロン（株）,11-04248,千葉県,中小,,,1117,,,,,,,,20200221
989,アルファシステックス（株）,11-02580,東京都,中小,,,610,,435,,,,,,20200221
990,（株）アルメックＶＰＩ,11-04338,東京都,中小,,,256,,,,,,,,20200221
991,アンダーテイクジャパン（株）,11-05344,沖縄県,中小,,,1159,,,,,,,,20200221
992,（株）ＥＲＩソリューション,11-05464,東京都,中小,,,610,,74,,,,484,,20200221
993,（一財）石狩川振興財団,21-02706,札幌市,公益,,,531,,,,,,,,20200221
994,（株）石塚計画デザイン事務所,21-01847,札幌市,中小,,,899,,571,,,,,,20200221
995,（株）石本建築事務所,11-00096,東京都,大手,,,610,,1,,,,,,20200221
996,伊藤組土建（株）,21-00092,札幌市,中小,,,531,,,,,,,,20200221
997,（株）入江三宅設計事務所,11-00901,東京都,中小,,,929,,53,,,,,,20200221
998,岩田地崎建設（株）,21-00463,札幌市,大手,,,731,,,,,,,,20200221
999,（株）ウイジン,11-04959,東京都,中小,,,1060,,571,,,,,,20200221
1000,（株）ウェザーニューズ,11-00971,千葉県,大手,,,711,,,,,,,,20200221
1001,（一社）ウォーターフロント協会,11-04614,東京都,公益,,,1060,,,,,,,,20200221
1002,エースコンサルタンツ（株）,21-00061,札幌市,中小,,,829,,,,,,429,,20200221
1003,エースコンサルタント（株）,11-05436,兵庫県,中小,,,914,,,,,,,,20200221
1004,（有）エアロフォトアート,11-03149,福岡県,中小,,,1159,,,,,,,,20200221
1005,（株）ＨＥＲ,11-04955,兵庫県,中小,,,567,,,,,,,,20200221
1006,（株）ＨＢＡ,21-02342,札幌市,大手,,,531,,,,,,,,20200221
1007,（株）エコープラン,11-04915,東京都,中小,,,610,,,,,,,,20200221
1008,（株）エコル,11-03126,東京都,中小,,,899,,,,,,,,20200221
1009,（株）エックス都市研究所,11-02242,東京都,大手,,,353,,,,,,,,20200221
1010,（株）エヌ・ティ・ティ・データ経営研究所,11-05465,東京都,大手,,,1060,,571,,,,,,20200221
1011,ＮＨＫテクノロジーズ,11-00389,東京都,大手,,,1,,76,,,,,,20200221
1012,ＮＮラントシャフト研究室,11-05420,高知県,中小,,,1188,,,,,,,,20200221
1013,（株）エムエーシー,11-04061,東京都,大手,,,106,,,,,,,,20200221
1014,エム・エムブリッジ（株）,11-00547,広島県,中小,,,610,,,,,,,,20200221
1015,（株）ＭＯＬマリン,11-03692,東京都,中小,,,731,,,,,,,,20200221
1016,（株）ＭＴＳ雪氷研究所,11-01315,東京都,中小,,,1060,,571,,,,429,,20200221
1017,（株）エムテック,11-04922,埼玉県,中小,,,1147,,639,,411,,502,,20200221
1018,（株）ＬＡＵ公共施設研究所,11-02370,東京都,中小,,,731,,289,,,,,,20200221
1019,（一財）沿岸技術研究センター,11-03717,東京都,公益,,,165,,,,,,,,20200221
1020,オーバーシーズ・ベクテル・インコーポレーテツド,11-01001,東京都,中小,,,866,,230,,,,,,20200221
1021,オーヴ・アラップ・アンド・パートナーズ・ジャパン・リミテッド,11-01166,東京都,中小,,,1060,,50,,,,,,20200221
1022,（株）応用気象エンジニアリング,11-03103,東京都,中小,,,929,,,,,,,,20200221
1023,応用計測サービス（株）,11-04932,埼玉県,中小,,,1060,,,,,,429,,20200221
1024,（株）応用生物,11-00682,東京都,中小,,,929,,,,,,,,20200221
1025,大林道路（株）,11-00052,東京都,大手,,,361,,,,,,,,20200221
1026,沖電気工業（株）,11-00259,東京都,大手,,,929,,,,,,,,20200221
1027,オムロンソーシアルソリューションズ（株）,11-04389,東京都,大手,,,531,,,,,,,,20200221
1028,オリエンタル白石（株）,11-00057,東京都,大手,,,567,,435,,,,,,20200221
1029,ハイテック（株）,11-02545,大阪府,中小,,,548,,,,,,72,,20200221
1030,（一社）畑地農業振興会,11-04644,東京都,公益,,,929,,,,,,,,20200221
1031,（株）八洋コンサルタント,11-03917,東京都,中小,,,711,,,,,,,,20200221
1032,（株）ハブ,21-02153,札幌市,中小,,,829,,,,,,,,20200221
1033,東日本高速道路（株）,11-03592,東京都,大手,,,267,,,,,,,,20200221
1034,（株）日立製作所,11-00146,東京都,大手,,,328,,,,,,,,20200221
1035,日立造船（株）,11-00417,大阪府,大手,,,731,,,,,,,,20200221
1036,（株）ヒット総合研究所,21-02642,札幌市,中小,,,1117,,617,,391,,,,20200221
1037,（株）兵庫分析センター,11-03894,兵庫県,中小,,,548,,,,,,,,20200221
1038,ヒロセ（株）,11-05376,大阪府,大手,,,1159,,,,,,,,20200221
1039,（株）ファインコラボレート研究所,11-03138,東京都,中小,,,1117,,207,,,,,,20200221
1040,（有）福井環境設計事務所,11-04370,山口県,中小,,,1172,,663,,429,,,,20200221
1041,（株）複合技術研究所,11-02258,東京都,中小,,,600,,,,,,,,20200221
1042,フコク電興（株）,11-05338,福岡県,中小,,,929,,435,,,,,,20200221
1043,（株）フジタ,11-01326,東京都,大手,,,328,,,,,,,,20200221
1044,富士通（株）,11-00116,東京都,大手,,,567,,289,,,,,,20200221
1045,（株）古田設計事務所,21-02534,札幌市,中小,,,1117,,617,,,,,,20200221
1046,（株）文化環境設計研究所,11-05427,東京都,中小,,,1159,,,,,,,,20200221
1047,（株）プランニングネットワーク,11-02381,東京都,中小,,,531,,571,,,,,,20200221
1048,ベル・エンジニアリング（株）,11-05025,千葉県,中小,,,1060,,270,,343,,429,,20200221
1049,（株）補強土エンジニアリング,11-02269,大阪府,中小,,,711,,,,,,,,20200221
1050,ホクト・エンジニアリング（株）,11-05022,東京都,大手,,,243,,571,,,,,,20200221
1051,（株）北海道エコシス,28-00217,帯広市,中小,,,929,,,,,,,,20200221
1052,（一社）北海道開発技術センター,21-02412,札幌市,公益,,,106,,,,,,,,20200221
1053,（一財）北海道河川財団,21-02756,札幌市,公益,,,97,,,,,,,,20200221
1054,北海道漁業（同）連合会,21-02774,札幌市,大手,,,929,,,,,,,,20200221
1055,（一社）北海道総合研究調査会,21-02643,札幌市,公益,,,929,,435,,174,,,,20200221
1056,北海道造園設計（株）,21-00580,札幌市,中小,,,731,,,,,,,,20200221
1057,（株）北海道日建設計,21-00647,札幌市,中小,,,610,,35,,,,,,20200221
1058,（一社）北海道土地改良設計技術協会,21-01888,札幌市,公益,,,567,,,,,,,,20200221
1059,（株）ポリテック・エイディディ,11-00615,東京都,中小,,,489,,289,,,,,,20200221
1060,（株）海洋開発技術研究所,11-03006,佐賀県,中小,,,1060,,,,,,,,20200221
1061,（株）海洋生態研究所,11-04392,大阪府,中小,,,866,,,,,,,,20200221
1062,海洋プランニング（株）,11-02263,沖縄県,中小,,,687,,,,343,,,,20200221
1063,鹿島道路（株）,11-00078,東京都,大手,,,267,,,,,,,,20200221
1064,（株）上総環境調査センター,11-04710,千葉県,中小,,,548,,,,,,,,20200221
1065,（公財）河川財団,11-02717,東京都,公益,,,361,,,,,,,,20200221
1066,（一財）河川情報センター,11-03642,東京都,公益,,,243,,,,,,,,20200221
1067,（一社）河川ポンプ施設技術協会,11-02612,東京都,公益,,,829,,,,,,,,20200221
1068,（株）価値総合研究所,11-02212,東京都,中小,,,711,,394,,,,,,20200221
1069,（株）勝島製作所,11-01201,東京都,中小,,,929,,,,,,,,20200221
1070,（株）環境開発,11-04577,福岡県,中小,,,610,,,,,,,,20200221
1071,環境クリエイト（株）,21-02767,札幌市,中小,,,929,,,,,,,,20200221
1072,環境計測（株）,11-03525,京都府,中小,,,610,,,,,,,,20200221
1073,（株）環境公害研究センター,11-04372,石川県,中小,,,610,,,,,,,,20200221
1074,（株）環境施設,11-04582,福岡県,大手,,,829,,,,,,,,20200221
1075,（株）環境指標生物,11-00891,東京都,中小,,,687,,,,,,,,20200221
1076,環境設計（株）,11-04961,大阪府,中小,,,610,,435,,,,,,20200221
1077,（株）環境設計研究所,11-02248,東京都,中小,,,929,,435,,,,,,20200221
1078,（株）環境総合リサーチ,11-02401,京都府,大手,,,433,,,,,,,,20200221
1079,（株）環境デザイン研究所,11-02405,東京都,中小,,,866,,151,,,,,,20200221
1080,環境保全（株）,11-05028,青森県,中小,,,731,,,,,,,,20200221
1081,（株）環境保全サイエンス,21-01346,札幌市,中小,,,610,,,,,,,,20200221
1082,特定非営利活動法人環境防災研究機構北海道,21-02893,札幌市,中小,,,1183,,,,,,,,20200221
1083,特定非営利活動法人環境防災総合政策研究機構,11-03694,東京都,中小,,,1117,,,,,,,,20200221
1084,（株）環研,11-04925,東京都,中小,,,929,,435,,,,,,20200221
1085,（一財）関西環境管理技術センター,11-04367,大阪府,公益,,,731,,,,,,,,20200221
1086,（一社）寒地港湾技術研究センター,21-02726,札幌市,公益,,,433,,,,,,,,20200221
1087,（株）ガイアート,11-00009,東京都,大手,,,328,,,,,,247,,20200221
1088,基聖産業（株）,11-05063,福岡県,中小,,,929,,,,,,247,,20200221
1089,（株）北岡組,11-01626,徳島県,中小,,,929,,289,,174,,247,,20200221
1090,（株）北日本技術コンサル,21-02530,札幌市,中小,,,731,,166,,,,,,20200221
1091,北日本電気コンサルタント（株）,21-01787,札幌市,中小,,,914,,,,,,,,20200221
1092,（株）ＫＩＴＡＢＡ,21-00051,札幌市,中小,,,687,,571,,,,,,20200221
1093,（株）木下エネルギーソリューションズ,11-05105,広島県,中小,,,1159,,649,,421,,514,,20200221
1094,（株）木下組,11-03856,広島県,中小,,,829,,571,,343,,429,,20200221
1095,（株）キュービックエスコンサルティング,11-04316,東京都,中小,,,450,,617,,,,,,20200221
1096,（一財）橋梁調査会,11-03257,東京都,公益,,,1,,,,,,,,20200221
1097,（株）共和電業,11-00742,東京都,中小,,,731,,,,,,,,20200221
1098,（株）技研基礎,11-03942,千葉県,中小,,,731,,,,,,108,,20200221
1099,（一財）漁港漁場漁村総合研究所,11-02600,東京都,公益,,,450,,435,,,,,,20200221
1100,（株）クマシロシステム設計,21-01499,札幌市,中小,,,361,,,,,,247,,20200221
1101,（株）久米設計,11-00257,東京都,大手,,,480,,1,,,,,,20200221
1102,クリタ分析センター（株）,11-04673,茨城県,大手,,,243,,,,,,,,20200221
1103,栗林機工（株）,26-00493,室蘭市,中小,,,866,,435,,,,,,20200221
1104,（株）クワッドイノベーション,21-02940,札幌市,中小,,,1159,,,,,,,,20200221
1105,（株）グラック,11-02412,東京都,中小,,,929,,,,,,,,20200221
1106,（株）グリーンエコ,11-04676,大阪府,中小,,,914,,617,,,,484,,20200221
1107,グリーンブルー（株）,11-03538,神奈川県,中小,,,548,,,,,,,,20200221
1108,（株）ケー・シー・エス,11-01260,東京都,中小,,,185,,,,,,,,20200221
1109,景域計画（株）,11-05411,神奈川県,中小,,,1159,,649,,,,,,20200221
1110,（株）ＫＳＫ,11-03597,茨城県,中小,,,610,,639,,,,,,20200221
1111,（株）景観設計・東京,11-03160,東京都,中小,,,829,,,,,,,,20200221
1112,（一財）経済調査会,11-00961,東京都,公益,,,1,,235,,,,,,20200221
1113,（株）計測技研,11-04669,福岡県,中小,,,929,,,,,,247,,20200221
1114,（一財）計量計画研究所,11-02187,東京都,公益,,,106,,,,,,,,20200221
1115,（株）建設環境コンサルティング,11-04608,大阪府,中小,,,914,,394,,,,484,,20200221
1116,（一社）建設電気技術協会,11-02605,東京都,公益,,,610,,,,,,,,20200221
1117,（一財）建設物価調査会,11-00443,東京都,公益,,,1,,151,,,,,,20200221
1118,コイト電工（株）,11-04391,神奈川県,大手,,,929,,,,,,,,20200221
1119,（株）公共計画研究所,11-02238,東京都,中小,,,829,,,,,,,,20200221
1120,（株）航空システムコンサルタンツ,11-03900,東京都,中小,,,829,,,,,,,,20200221
1121,（株）構造計画研究所,11-00519,東京都,大手,,,610,,1,,,,,,20200221
1122,（株）交通システム研究所,11-03101,大阪府,中小,,,866,,,,,,,,20200221
1123,（株）交通総合研究所,11-02524,東京都,中小,,,567,,,,411,,502,,20200221
1124,（一財）高度映像情報センター,11-05085,東京都,公益,,,929,,435,,,,,,20200221
1125,光陽無線（株）,11-03003,福岡県,中小,,,731,,435,,,,,,20200221
1126,（一財）高齢者住宅財団,11-05393,東京都,公益,,,1060,,,,,,,,20200221
1127,（一財）港湾空港総合技術センター,11-00894,東京都,公益,,,104,,,,391,,,,20200221
1128,（一社）港湾荷役機械システム協会,11-03703,東京都,公益,,,610,,,,,,,,20200221
1129,国際気象海洋（株）,11-00431,東京都,中小,,,929,,,,,,,,20200221
1130,（一社）国際建設技術協会,11-03899,東京都,公益,,,610,,435,,,,247,,20200221
1131,（株）国際建設技術研究所,11-01106,大阪府,中小,,,531,,,,,,,,20200221
1132,（一財）国際臨海開発研究センター,11-05003,東京都,公益,,,548,,,,,,,,20200221
1133,（一財）国土技術研究センター,11-03236,東京都,公益,,,106,,,,,,247,,20200221
1134,（株）コベルコ科研,11-02383,兵庫県,大手,,,567,,,,,,247,,20200221
1135,（株）駒井ハルテック,11-00275,大阪府,大手,,,328,,,,,,,,20200221
1136,（株）コムテック地域工学研究所,11-05047,東京都,中小,,,829,,,,,,,,20200221
1137,（株）コンステック,11-00736,大阪府,大手,,,489,,35,,,,,,20200221
1138,前田建設工業（株）,11-00178,東京都,大手,,,185,,35,,,,44,,20200221
1139,前田道路（株）,11-00416,東京都,中小,,,731,,,,,,,,20200221
1140,（株）まちづくり計画設計,21-01794,札幌市,中小,,,711,,617,,,,,,20200221
1141,（株）松田平田設計,11-00949,東京都,大手,,,489,,1,,,,,,20200221
1142,（有）マリンシステム,21-02840,札幌市,中小,,,914,,,,,,,,20200221
1143,独立行政法人水資源機構,11-04290,埼玉県,大手,,,328,,,,,,,,20200221
1144,みずほ総合研究所（株）,11-03924,東京都,大手,,,866,,198,,,,,,20200221
1145,（株）三井Ｅ＆Ｓテクニカルリサーチ,11-04388,岡山県,中小,,,610,,,,,,,,20200221
1146,（株）三菱地所設計,11-01296,東京都,大手,,,106,,1,,,,,,20200221
1147,（株）三菱総合研究所,11-00718,東京都,大手,,,1,,74,,,,,,20200221
1148,三菱電機（株）,11-00097,東京都,大手,,,461,,215,,,,,,20200221
1149,三菱ＵＦＪリサーチ＆コンサルティング（株）,11-00864,東京都,大手,,,267,,376,,,,,,20200221
1150,（一財）みなと総合研究財団,11-03706,東京都,公益,,,243,,,,,,,,20200221
1151,（株）宮建築設計,11-03207,徳島県,中小,,,929,,76,,174,,,,20200221
1152,宮地エンジニアリング（株）,11-00025,東京都,中小,,,731,,,,,,,,20200221
1153,（株）三四五建築研究所,11-03654,富山県,中小,,,929,,76,,,,,,20200221
1154,（有）村上コンサルタント,21-02517,札幌市,中小,,,1117,,,,,,484,,20200221
1155,ムラタ計測器サービス（株）,11-02456,神奈川県,中小,,,353,,,,,,,,20200221
1156,（株）ＭＥＬＯＮ．ＰＡＲＴＮＥＲ,11-05459,福岡県,中小,,,1181,,,,,,520,,20200221
1157,（株）中川都市建築設計,11-02295,東京都,中小,,,1060,,376,,,,,,20200221
1158,（株）ナカボーテック,11-00016,東京都,大手,,,548,,,,,,,,20200221
1159,（株）ニシトミ興産,11-05456,福岡県,中小,,,1060,,571,,343,,429,,20200221
1160,（株）西日本通商,11-05084,福岡県,中小,,,1188,,,,,,522,,20200221
1161,（株）西日本流体技研,11-02548,長崎県,中小,,,929,,,,,,,,20200221
1162,（株）ニシハラ,11-05067,福岡県,中小,,,1060,,,,,,429,,20200221
1163,（株）西原組,11-05071,福岡県,中小,,,929,,435,,174,,247,,20200221
1164,（株）ＮＩＣＨＩＪＯ,21-01399,札幌市,大手,,,929,,,,,,,,20200221
1165,（株）ニチゾウテック,11-01277,大阪府,大手,,,353,,,,,,,,20200221
1166,（株）日建設計,11-00654,東京都,大手,,,1,,1,,,,,,20200221
1167,（株）日建設計総合研究所,11-03571,東京都,中小,,,185,,53,,,,,,20200221
1168,（株）日成地質,11-04339,岡山県,中小,,,866,,,,,,139,,20200221
1169,（株）日通総合研究所,11-00345,東京都,中小,,,866,,,,,,,,20200221
1170,日東建設（株）,29-00216,紋別郡雄武町,中小,,,929,,,,,,,,20200221
1171,日北試錐工業（株）,25-00052,旭川市,中小,,,929,,,,,,228,,20200221
1172,（公社）日本港湾協会,11-03705,東京都,公益,,,548,,,,,,,,20200221
1173,（株）日本作品研究所,11-01305,神奈川県,中小,,,1117,,,,107,,,,20200221
1174,日本車輌製造（株）,11-00379,愛知県,中小,,,461,,,,,,,,20200221
1175,日本電気（株）,11-00385,東京都,大手,,,256,,146,,,,,,20200221
1176,日本ライナー（株）,11-00121,東京都,中小,,,461,,,,,,,,20200221
1177,（一社）日本ＩＴＣ協会連合会,11-05458,福岡県,公益,,,1188,,,,,,522,,20200221
1178,日本衛生（株）,21-01513,札幌市,中小,,,610,,,,,,247,,20200221
1179,日本エレクトロニツクシステムズ（株）,11-02892,大阪府,大手,,,610,,,,,,,,20200221
1180,（一社）日本海上起重技術協会,11-03704,東京都,公益,,,1060,,,,,,,,20200221
1181,（公社）日本海難防止協会,11-03580,東京都,公益,,,866,,,,,,,,20200221
1182,（一財）日本開発構想研究所,11-03601,東京都,公益,,,866,,289,,174,,,,20200221
1183,日本環境技研（株）,11-02168,東京都,中小,,,610,,235,,,,,,20200221
1184,日本環境分析センター（株）,11-05027,大阪府,中小,,,914,,,,,,,,20200221
1185,（株）日本環境分析センター,11-04595,愛知県,中小,,,914,,,,391,,484,,20200221
1186,日本気象（株）,11-03745,大阪府,中小,,,899,,,,,,,,20200221
1187,日本基礎技術（株）,11-00198,大阪府,大手,,,461,,,,,,39,,20200221
1188,（株）日本経済研究所,11-04960,東京都,大手,,,899,,,,,,,,20200221
1189,（一社）日本建設機械施工協会,11-02609,東京都,公益,,,106,,,,,,,,20200221
1190,（一財）日本建設情報総合センター,11-03708,東京都,公益,,,243,,,,,,,,20200221
1191,日本高圧コンクリート（株）,21-00042,札幌市,中小,,,461,,,,,,,,20200221
1192,（一社）日本公園緑地協会,11-03084,東京都,公益,,,489,,,,,,,,20200221
1193,（公社）日本交通計画協会,11-03898,東京都,公益,,,548,,,,,,,,20200221
1194,（有）日本交通流動リサーチ,11-05395,愛知県,中小,,,929,,,,,,,,20200221
1195,（一財）日本航路標識協会,11-03143,東京都,公益,,,929,,435,,,,,,20200221
1196,日本国土開発（株）,11-00065,東京都,大手,,,489,,76,,,,247,,20200221
1197,（一社）日本作業船協会,11-03702,東京都,公益,,,610,,,,,,,,20200221
1198,（公財）日本生態系協会,11-01288,東京都,公益,,,711,,,,,,,,20200221
1199,（株）日本設計,11-00578,東京都,大手,,,106,,1,,,,,,20200221
1200,（一社）日本潜水協会,11-03710,東京都,公益,,,610,,,,,,,,20200221
1201,（一財）日本総合研究所,11-04337,東京都,公益,,,866,,,,,,,,20200221
1202,日本地下水開発（株）,11-00613,山形県,大手,,,567,,,,,,91,,20200221
1203,日本通信エンジニアリングサービス（株）,11-01905,東京都,大手,,,314,,,,,,,,20200221
1204,（公財）日本道路交通情報センター,11-05386,東京都,公益,,,731,,,,,,,,20200221
1205,（株）日本能率協会総合研究所,11-00144,東京都,大手,,,328,,,,,,,,20200221
1206,日本ファブテック（株）,11-00301,茨城県,中小,,,929,,,,,,,,20200221
1207,（一財）日本不動産研究所,11-00773,東京都,公益,,,866,,,,1,,,,20200221
1208,日本防蝕工業（株）,11-00091,東京都,大手,,,267,,,,,,,,20200221
1209,（一社）日本マリーナ・ビーチ協会,11-03711,東京都,公益,,,731,,,,,,,,20200221
1210,（一財）日本みち研究所,11-03951,東京都,公益,,,531,,,,,,,,20200221
1211,（一財）日本緑化センター,11-02597,東京都,公益,,,489,,,,,,,,20200221
1212,（株）ニューズ環境設計,11-03657,兵庫県,中小,,,711,,617,,,,,,20200221
1213,（株）ネイビーズ・クリエイション,21-02683,札幌市,中小,,,1060,,,,,,,,20200221
1214,（株）ネスコム,11-03209,大阪府,中小,,,914,,,,,,,,20200221
1215,（株）ネットアルファ,11-03226,東京都,中小,,,687,,416,,,,,,20200221
1216,（一社）農業土木機械化協会,11-04325,東京都,公益,,,731,,,,,,,,20200221
1217,（株）野村総合研究所,11-00938,東京都,大手,,,480,,,,,,,,20200221
1218,（株）ライヴ環境計画,21-00981,札幌市,中小,,,1060,,,,,,,,20200221
1219,（有）ランテックス,21-01749,札幌市,中小,,,1117,,,,,,484,,20200221
1220,リージョナルデザイン（株）,11-05058,愛媛県,中小,,,1183,,,,,,,,20200221
1221,（株）理研分析センター,11-03155,山形県,中小,,,866,,,,,,,,20200221
1222,（公財）リバーフロント研究所,11-03238,東京都,公益,,,531,,,,,,,,20200221
1223,（株）緑生研究所,11-02346,東京都,中小,,,610,,,,,,,,20200221
1224,（有）リンク,29-00894,網走市,中小,,,1117,,,,,,,,20200221
1225,レキオス・ウォーター（株）,11-04696,沖縄県,中小,,,914,,,,,,,,20200221
1226,（株）ロード・エンジニアリング,11-00216,東京都,中小,,,433,,,,,,,,20200221
1227,（株）サイエンスクラフト,11-05385,福井県,中小,,,1060,,,,,,,,20200221
1228,（株）佐伯設計監理事務所,11-05416,埼玉県,中小,,,829,,,,,,,,20200221
1229,坂田電機（株）,11-01927,東京都,大手,,,610,,,,,,247,,20200221
1230,（株）さっぽろ自然調査館,21-02816,札幌市,中小,,,866,,,,,,,,20200221
1231,佐藤工業（株）,11-00154,東京都,中小,,,267,,76,,,,,,20200221
1232,（株）佐藤総合計画,11-00746,東京都,大手,,,610,,1,,,,,,20200221
1233,（株）サトウファシリティーズコンサルタンツ,11-03117,東京都,中小,,,1117,,151,,391,,,,20200221
1234,（株）佐藤渡辺,11-02711,東京都,中小,,,929,,,,,,247,,20200221
1235,（一財）砂防・地すべり技術センター,11-03234,東京都,公益,,,106,,,,,,,,20200221
1236,（一財）砂防フロンティア整備推進機構,11-03591,東京都,公益,,,165,,,,,,429,,20200221
1237,特定非営利活動法人　サロベツ・エコ・ネットワーク,31-00311,豊富町,中小,,,1147,,,,,,,,20200221
1238,（株）産業工学研究所,11-00344,大阪府,中小,,,929,,435,,31,,,,20200221
1239,（株）三座建築事務所,11-02420,大阪府,中小,,,929,,166,,,,,,20200221
1240,（株）サンビーム,11-04993,東京都,中小,,,687,,571,,,,,,20200221
1241,山陽電子工業（株）,11-04561,岡山県,中小,,,929,,,,,,,,20200221
1242,三和土質基礎（株）,21-00311,札幌市,中小,,,567,,,,,,108,,20200221
1243,（株）ＣＴＩアウラ,11-05446,埼玉県,中小,,,829,,,,,,,,20200221
1244,（株）シーテック・エージー,21-02795,札幌市,中小,,,1147,,,,,,,,20200221
1245,（株）シーラム,11-03079,東京都,中小,,,899,,,,,,,,20200221
1246,（株）シオ政策経営研究所,11-02207,東京都,中小,,,610,,289,,,,,,20200221
1247,（一社）システム科学研究所,11-02564,京都府,公益,,,361,,,,,,,,20200221
1248,社会システム（株）,11-00435,東京都,中小,,,548,,,,,,,,20200221
1249,首都高速道路（株）,11-04335,東京都,大手,,,433,,,,85,,,,20200221
1250,（一財）首都高速道路技術センター,11-05109,東京都,公益,,,97,,,,,,,,20200221
1251,ショーボンド建設（株）,11-00377,東京都,大手,,,1060,,571,,,,,,20200221
1252,（株）新環境分析センター,11-04678,新潟県,中小,,,866,,,,,,,,20200221
1253,（株）伸和総合設計,11-01155,東京都,中小,,,866,,289,,,,,,20200221
1254,（株）ジイケイ設計,11-03614,東京都,中小,,,866,,289,,,,,,20200221
1255,ＪＦＥエンジニアリング（株）,11-00227,神奈川県,大手,,,267,,,,,,,,20200221
1256,（株）ジェイシーエンジニアリング,21-00006,札幌市,中小,,,899,,,,,,,,20200221
1257,ジオ・サーチ（株）,11-00857,東京都,大手,,,97,,,,,,215,,20200221
1258,（株）ジオテック,21-00019,札幌市,中小,,,600,,,,,,132,,20200221
1259,（株）ジオデザイン,11-04246,東京都,中小,,,914,,,,,,,,20200221
1260,（株）地震工学研究所,11-04902,東京都,中小,,,899,,571,,,,,,20200221
1261,（株）ジャパンアセスメントオフイス,11-04596,東京都,中小,,,929,,289,,158,,,,20200221
1262,（一財）上越環境科学センター,11-04266,新潟県,公益,,,256,,,,,,,,20200221
1263,（株）水域ネットワーク,11-05462,東京都,中小,,,711,,,,,,,,20200221
1264,（一財）水源地環境センター,11-03240,東京都,公益,,,461,,,,,,,,20200221
1265,（一社）水底質浄化技術協会,11-03686,東京都,公益,,,489,,,,,,,,20200221
1266,（株）水土舎,11-03676,神奈川県,中小,,,829,,,,,,,,20200221
1267,（株）数理計画,11-00470,東京都,大手,,,548,,,,,,,,20200221
1268,（株）杉原設計事務所,11-04609,東京都,中小,,,929,,116,,,,,,20200221
1269,（株）鈴木建築設計事務所,11-05051,千葉県,中小,,,929,,235,,,,,,20200221
1270,（株）セ・プラン,21-02389,札幌市,中小,,,687,,,,,,,,20200221
1271,世紀東急工業（株）,11-00133,東京都,大手,,,731,,,,,,247,,20200221
1272,西武造園（株）,11-00356,東京都,中小,,,461,,,,,,,,20200221
1273,星和電機（株）,11-00652,京都府,大手,,,731,,,,,,,,20200221
1274,積水化学工業（株）,11-01181,東京都,大手,,,929,,435,,174,,247,,20200221
1275,（株）セレス,11-03060,千葉県,中小,,,731,,,,,,,,20200221
1276,千翔エンジニアリング（株）,21-00539,札幌市,中小,,,731,,435,,,,,,20200221
1277,（一財）先端建設技術センター,11-02592,東京都,公益,,,309,,,,,,,,20200221
1278,ゼオン山口（株）,11-05449,山口県,中小,,,899,,,,,,,,20200221
1279,（株）錢高組,11-00191,大阪府,大手,,,731,,76,,,,247,,20200221
1280,（株）ソーラス,11-05104,東京都,中小,,,1147,,,,,,,,20200221
1281,ソイルアンドロツクエンジニアリング（株）,11-02470,大阪府,中小,,,361,,,,,,53,,20200221
1282,（株）ソイルシステム,11-04612,神奈川県,中小,,,829,,,,,,215,,20200221
1283,（株）爽環境計画,11-03066,東京都,中小,,,1060,,,,,,,,20200221
1284,（株）綜企画設計,11-03208,東京都,大手,,,1060,,30,,,,,,20200221
1285,（株）創建,11-05001,愛知県,中小,,,489,,289,,,,,,20200221
1286,（株）総合設計研究所,11-05448,東京都,中小,,,610,,,,,,,,20200221
1287,（株）総合設備コンサルタント,11-01130,東京都,大手,,,929,,1,,,,,,20200221
1288,（株）総合防災システム研究所,11-01164,東京都,中小,,,1117,,,,,,,,20200221
1289,（株）ソニック,11-02690,東京都,大手,,,1147,,,,,,,,20200221
1290,大成ロテック（株）,11-00028,東京都,大手,,,328,,,,,,,,20200221
1291,たいせつ土地家屋調査士法人,25-01091,旭川市,中小,,,1183,,,,,,,,20200221
1292,（株）太平洋コンサルタント,11-03616,千葉県,大手,,,531,,270,,,,429,,20200221
1293,大有建設（株）,11-00366,愛知県,大手,,,328,,,,,,247,,20200221
1294,高田機工（株）,11-01304,大阪府,中小,,,567,,,,,,,,20200221
1295,高野ランドスケーププランニング（株）,28-00407,札幌市,中小,,,610,,435,,,,,,20200221
1296,（株）宝工務店,11-05110,広島県,中小,,,929,,435,,174,,247,,20200221
1297,瀧上工業（株）,11-00232,愛知県,中小,,,461,,,,,,,,20200221
1298,拓北地下開発（株）,27-00104,釧路市,中小,,,731,,,,,,108,,20200221
1299,（株）匠技術コンサルタント,11-04952,福岡県,中小,,,1060,,571,,,,,,20200221
1300,匠コンサルタンツ（株）,28-00978,帯広市,中小,,,914,,,,,,514,,20200221
1301,（株）竹中工務店,11-00429,大阪府,大手,,,1,,1,,,,,,20200221
1302,（株）竹中土木,11-00380,東京都,大手,,,185,,,,,,,,20200221
1303,（株）タツタ環境分析センター,11-03092,大阪府,中小,,,567,,,,,,,,20200221
1304,（株）田辺構造設計,21-00381,札幌市,中小,,,1060,,198,,,,,,20200221
1305,（株）大建設計,11-00469,東京都,大手,,,548,,1,,,,,,20200221
1306,大日本土木（株）,11-00045,岐阜県,中小,,,567,,,,,,,,20200221
1307,大和不動産鑑定（株）,11-04711,大阪府,大手,,,929,,116,,6,,247,,20200221
1308,（一財）ダム技術センター,11-03712,東京都,公益,,,314,,,,,,,,20200221
1309,（一社）ダム・堰施設技術協会,11-04386,東京都,公益,,,829,,,,,,,,20200221
1310,（株）壇建築計画事務所,11-04373,大阪府,中小,,,731,,93,,,,,,20200221
1311,（株）地域開発研究所,11-00483,東京都,中小,,,610,,,,,,,,20200221
1312,（株）地域環境計画,11-01134,東京都,大手,,,256,,,,,,,,20200221
1313,（一社）地域環境資源センター,11-04399,東京都,公益,,,687,,,,,,,,20200221
1314,（株）地域計画建築研究所,11-04304,京都府,中小,,,185,,116,,,,,,20200221
1315,（株）地域計画連合,11-03552,東京都,中小,,,610,,435,,,,,,20200221
1316,（株）地域地盤環境研究所,11-04315,大阪府,中小,,,489,,,,,,142,,20200221
1317,（株）地域総合計画研究所,11-03954,東京都,中小,,,731,,289,,,,,,20200221
1318,（株）地域未来研究所,11-03933,大阪府,中小,,,450,,,,,,,,20200221
1319,チカラ総合設計（株）,21-01766,札幌市,中小,,,929,,435,,174,,,,20200221
1320,（株）地圏環境テクノロジー,11-04013,東京都,中小,,,914,,,,,,,,20200221
1321,地質計測（株）,11-05092,東京都,中小,,,929,,,,,,228,,20200221
1322,（株）地層科学研究所,11-01231,神奈川県,中小,,,600,,,,,,,,20200221
1323,（株）中央技研,11-03611,東京都,中小,,,610,,,,,,,,20200221
1324,（株）中研コンサルタント,11-02569,大阪府,大手,,,165,,,,,,132,,20200221
1325,（株）通電技術,21-01355,札幌市,中小,,,687,,571,,,,,,20200221
1326,（株）Ｔ・Ｐ・Ｔ,11-05457,福岡県,中小,,,1147,,,,,,502,,20200221
1327,（株）ＴＴＥＳ,11-04965,東京都,中小,,,899,,,,,,,,20200221
1328,（株）テクノス電子企画,11-05021,愛知県,中小,,,1060,,,,,,,,20200221
1329,デロイトトーマツファイナンシャルアドバイザリー（合）,11-05451,東京都,大手,,,1117,,282,,172,,,,20200221
1330,電気技術開発（株）,11-00422,東京都,大手,,,1,,394,,,,,,20200221
1331,（株）傳設計,11-04352,福岡県,中小,,,1060,,146,,,,,,20200221
1332,電設コンサルタンツ（株）,11-02550,東京都,中小,,,328,,,,,,,,20200221
1333,電通設備（株）,21-00610,札幌市,中小,,,929,,435,,,,,,20200221
1334,（株）デンロコーポレーション,11-00628,大阪府,大手,,,731,,166,,,,,,20200221
1335,東急建設（株）,11-02525,東京都,中小,,,328,,93,,,,,,20200221
1336,（株）東京カンテイ,11-04167,東京都,大手,,,731,,289,,91,,247,,20200221
1337,（株）東京建築研究所,11-05036,東京都,中小,,,929,,76,,,,,,20200221
1338,東京テクニカル・サービス（株）,11-04271,千葉県,中小,,,548,,,,,,,,20200221
1339,東芝デジタルソリューションズ（株）,11-02224,神奈川県,大手,,,866,,,,,,,,20200221
1340,（株）東畑建築事務所,11-01105,大阪府,大手,,,610,,1,,,,,,20200221
1341,東邦化工建設（株）,11-03197,静岡県,大手,,,610,,,,,,,,20200221
1342,（株）東峯技術コンサルタント,11-00863,大阪府,中小,,,489,,,,,,,,20200221
1343,特定非営利活動法人港湾保安対策機構,11-03640,東京都,中小,,,1147,,,,,,,,20200221
1344,特定非営利活動法人土砂災害防止広報センター,11-03545,東京都,中小,,,711,,,,,,,,20200221
1345,特定非営利活動法人日本水フォーラム,11-03251,東京都,中小,,,731,,,,,,,,20200221
1346,（株）都市計画研究所,11-01319,東京都,中小,,,489,,435,,,,,,20200221
1347,（公社）都市住宅学会,11-04986,東京都,公益,,,1060,,571,,343,,429,,20200221
1348,（株）都市設計連合,11-04893,兵庫県,中小,,,711,,166,,,,,,20200221
1349,戸田建設（株）,11-00235,東京都,大手,,,328,,1,,174,,67,,20200221
1350,（株）道北開発試験センター,25-00361,旭川市,中小,,,731,,,,,,142,,20200221
1351,（一財）道路新産業開発機構,11-03693,東京都,公益,,,531,,,,,,,,20200221
1352,（株）土木管理総合試験所,11-05070,長野県,大手,,,165,,,,154,,39,,20200221
1353,（一財）土木研究センター,11-03707,東京都,公益,,,314,,,,,,142,,20200221
1354,（株）ワイ・シー・イー,11-02409,千葉県,中小,,,353,,,,,,,,20200221
1355,（株）ワン・エイティ,11-02229,東京都,中小,,,711,,,,,,,,20200221
1356,（株）安井建築設計事務所,11-00518,大阪府,大手,,,461,,1,,,,,,20200221
1357,（株）野生生物総合研究所,21-01713,札幌市,中小,,,1117,,,,,,,,20200221
1358,（株）ヤマイチテクノ,11-02373,大阪府,大手,,,866,,435,,,,,,20200221
1359,（株）山下設計,11-00158,東京都,大手,,,548,,1,,,,,,20200221
1360,ユーデック（株）,11-03081,東京都,中小,,,929,,435,,,,,,20200221
1361,ユーロフィン環境総合研究機構（株）,11-05442,静岡県,中小,,,1117,,,,,,,,20200221
1362,ユーロフィン日本総研（株）,11-05075,静岡県,中小,,,866,,,,,,247,,20200221
1363,雪印種苗（株）,21-00251,札幌市,中小,,,929,,,,,,,,20200221
1364,（株）横河ＮＳエンジニアリング,11-04014,茨城県,大手,,,353,,,,,,,,20200221
1365,（株）横河ブリッジ,11-03700,千葉県,中小,,,267,,,,,,,,20200221
1366,（株）ヨシタカ,21-02728,札幌市,中小,,,866,,,,,,,,20200221
1367,（株）四電技術コンサルタント,11-03953,香川県,大手,,,1,,,,,,,,20200221
1368,（株）アーキテック・コンサルティング,11-04908,東京都,中小,,,,,394,,,,,,20200221
1369,（有）アースデック,27-00803,釧路市,中小,,,,,649,,,,,,20200221
1370,アールイーマネジメント（株）,11-05415,大阪府,中小,,,,,649,,,,,,20200221
1371,（株）アイエイ研究所,25-00722,旭川市,中小,,,,,270,,,,,,20200221
1372,ＩＨＩ運搬機械（株）,11-04075,東京都,大手,,,,,90,,,,,,20200221
1373,（株）あい設計,11-04007,広島県,大手,,,,,34,,,,,,20200221
1374,（株）アイプラス設計事務所,11-04722,大阪府,中小,,,,,426,,,,,,20200221
1375,ＡＵＲＡ　ＡＲＣＨＩＴＥＣＴＳ（株）,21-02963,札幌市,中小,,,,,435,,,,,,20200221
1376,（株）葵総合計画,11-04683,大阪府,中小,,,,,215,,,,,,20200221
1377,（株）青木茂建築工房,11-03887,福岡県,中小,,,,,235,,,,,,20200221
1378,（株）青山建築積算事務所,11-04383,大阪府,中小,,,,,289,,,,,,20200221
1379,（株）アキ・アーキテクト,11-04663,東京都,中小,,,,,394,,,,,,20200221
1380,（株）アキバ設計,22-00012,滝川市,中小,,,,,435,,,,,,20200221
1381,（株）アクティ建築設計,21-00488,札幌市,中小,,,,,270,,,,,,20200221
1382,（株）浅井建築設計事務所,21-00826,札幌市,中小,,,,,289,,,,,,20200221
1383,旭建物管理（株）,11-05007,東京都,中小,,,,,617,,,,,,20200221
1384,旭防災設備（株）,11-03769,東京都,中小,,,,,235,,,,,,20200221
1385,（株）東建築設計事務所,21-02792,札幌市,中小,,,,,649,,,,,,20200221
1386,アトリエＢＢＳ（株）,11-04914,福岡県,中小,,,,,270,,,,,,20200221
1387,アド・エンジニアリング（株）,21-02305,札幌市,中小,,,,,376,,,,,,20200221
1388,（株）アプルデザインワークショップ,11-03564,東京都,中小,,,,,289,,,,,,20200221
1389,（株）アメニティ,11-04385,神奈川県,中小,,,,,571,,,,,,20200221
1390,（株）新居千秋都市建築設計,11-02199,東京都,中小,,,,,235,,,,,,20200221
1391,（株）アリス設計,21-02554,札幌市,中小,,,,,394,,,,,,20200221
1392,（株）アルキービ総合計画事務所,11-04935,大阪府,中小,,,,,376,,,,,,20200221
1393,アルス・ゼータ（有）,28-00828,帯広市,中小,,,,,571,,,,,,20200221
1394,（株）アルセッド建築研究所,11-05111,東京都,中小,,,,,166,,,,,,20200221
1395,（株）阿波設計事務所,11-04319,大阪府,大手,,,,,53,,,,,,20200221
1396,（株）安藤忠雄建築研究所,11-03903,大阪府,中小,,,,,151,,,,,,20200221
1397,（株）ａｎｄＨＡＮＤ建築設計事務所,11-05432,茨城県,中小,,,,,416,,,,,,20200221
1398,（株）池下設計,11-00877,東京都,大手,,,,,1,,,,,,20200221
1399,石川賢一建築研究所,11-05406,茨城県,中小,,,,,667,,,,,,20200221
1400,（株）泉創建エンジニアリング,11-03100,東京都,中小,,,,,35,,,,,,20200221
1401,（株）市川三千男建築設計事務所,11-04941,愛知県,中小,,,,,116,,,,,,20200221
1402,（株）伊藤喜三郎建築研究所,11-02368,東京都,大手,,,,,35,,,,,,20200221
1403,（株）今井設計,27-00518,標津郡中標津町,中小,,,,,435,,,,,,20200221
1404,（株）いるか設計集団,11-04379,兵庫県,中小,,,,,426,,,,,,20200221
1405,（株）岩見田・設計,21-00374,札幌市,中小,,,,,116,,,,,,20200221
1406,（株）岩見田設備設計亊務所,21-01194,札幌市,中小,,,,,435,,,,,,20200221
1407,（株）梅村建築設計,21-02314,札幌市,中小,,,,,376,,,,,,20200221
1408,（有）ＡｋＨ建築設計室,11-05450,茨城県,中小,,,,,617,,,,,,20200221
1409,エアロファシリティー（株）,11-05454,東京都,中小,,,,,394,,,,,,20200221
1410,（株）栄住産業,11-04877,福岡県,大手,,,,,435,,,,,,20200221
1411,（株）エイト設計,21-02634,札幌市,中小,,,,,230,,,,,,20200221
1412,（株）ｓａｉ総合企画,11-05394,東京都,大手,,,,,72,,,,,,20200221
1413,（株）エステム建築事務所,11-04312,大阪府,中小,,,,,90,,,,,,20200221
1414,（株）エスディーネットワーク,11-04937,兵庫県,中小,,,,,198,,,,,,20200221
1415,（株）エヌ・ケー建築設計室,29-00158,北見市,中小,,,,,435,,,,,,20200221
1416,（株）ＮＴＴファシリティーズ,11-00648,東京都,大手,,,,,30,,,,,,20200221
1417,（株）ＮＴＴファシリティーズ北海道,21-02669,札幌市,大手,,,,,151,,,,,,20200221
1418,（株）エフ設計工房,29-00395,北見市,中小,,,,,639,,,,,,20200221
1419,（株）エム建築事務所,11-04252,神奈川県,中小,,,,,289,,,,,,20200221
1420,（株）遠藤克彦建築研究所,11-04980,東京都,中小,,,,,426,,,,,,20200221
1421,（株）遠藤剛生建築設計事務所,11-05044,大阪府,中小,,,,,166,,,,,,20200221
1422,（株）オーエーシー設計,11-04365,東京都,中小,,,,,235,,,,,,20200221
1423,（株）オーガニック国土計画,11-02350,埼玉県,中小,,,,,617,,107,,,,20200221
1424,オートマックスデザインワークス（株）,11-04294,東京都,中小,,,,,639,,,,,,20200221
1425,（株）大宇根建築設計事務所,11-05430,東京都,中小,,,,,166,,,,,,20200221
1426,（株）大谷研究室,11-03161,東京都,中小,,,,,289,,,,,,20200221
1427,（株）岡田新一設計事務所,11-00706,東京都,中小,,,,,116,,,,,,20200221
1428,（株）岡田設計,21-00295,札幌市,中小,,,,,166,,,,,,20200221
1429,（株）オクテムデザイン,11-05414,東京都,中小,,,,,435,,,,,,20200221
1430,（株）オリエントサービス,11-04171,東京都,中小,,,,,270,,,,,,20200221
1431,（株）織本構造設計,11-05424,東京都,中小,,,,,53,,,,,,20200221
1432,（株）はいや建築設計事務所,23-00055,函館市,中小,,,,,649,,,,,,20200221
1433,（株）長谷川建築設計事務所,27-00473,釧路市,中小,,,,,289,,,,,,20200221
1434,（株）濱川設計,21-01507,札幌市,中小,,,,,571,,,,,,20200221
1435,（株）針生承一建築研究所,11-04964,宮城県,中小,,,,,426,,,,,,20200221
1436,バイオマスリサーチ（株）,28-01012,帯広市,中小,,,,,639,,,,,,20200221
1437,（株）日立建設設計,11-02502,東京都,大手,,,,,1,,,,,,20200221
1438,（株）ビーゴーイング,21-00156,札幌市,中小,,,,,166,,,,,,20200221
1439,（株）ビートープ,11-04707,富山県,中小,,,,,289,,,,,,20200221
1440,（株）ピーエーシー,11-04970,東京都,中小,,,,,166,,,,,,20200221
1441,（株）Ｆａｎ建築設計,25-00673,旭川市,中小,,,,,571,,,,,,20200221
1442,（株）福本構造設計,21-01414,札幌市,中小,,,,,235,,,,,,20200221
1443,（株）フジヤ,11-01518,京都府,大手,,,,,289,,,,,,20200221
1444,（株）藤原環境科学研究所,21-02632,札幌市,中小,,,,,617,,,,,,20200221
1445,（株）二葉設計事務所,21-01352,札幌市,中小,,,,,289,,,,,,20200221
1446,（株）古田設計,11-05049,埼玉県,中小,,,,,435,,158,,,,20200221
1447,（株）プラス設計,11-03661,奈良県,中小,,,,,207,,,,,,20200221
1448,（株）プラスＰＭ,11-05439,大阪府,中小,,,,,146,,,,,,20200221
1449,（株）プランテック総合計画事務所,11-04691,東京都,大手,,,,,30,,,,,,20200221
1450,（株）平安設計,11-03551,東京都,中小,,,,,235,,,,,,20200221
1451,（有）辺見美津男設計室,11-05413,福島県,中小,,,,,416,,,,,,20200221
1452,ペリクラークペリアーキテクツジャパン（株）,11-03889,東京都,中小,,,,,198,,,,,,20200221
1453,（株）北匠建築設計事務所,23-00093,函館市,中小,,,,,394,,,,,,20200221
1454,（株）北洋設備設計事務所,21-00724,札幌市,中小,,,,,116,,109,,,,20200221
1455,北海道建築設計監理（株）,21-00233,札幌市,中小,,,,,166,,,,,,20200221
1456,（株）北海道建築総合研究所,21-02362,札幌市,中小,,,,,235,,,,,,20200221
1457,（株）北海道綜企画,21-02903,札幌市,中小,,,,,416,,,,,,20200221
1458,（株）北海道ミオ設計,21-00377,札幌市,中小,,,,,663,,,,,,20200221
1459,（株）桂積算,21-00391,札幌市,中小,,,,,166,,,,,,20200221
1460,（株）桂設計,11-01137,東京都,中小,,,,,93,,,,,,20200221
1461,（株）カトウ建築事務所,11-02208,千葉県,中小,,,,,146,,,,,,20200221
1462,（株）かわしろ建築設計事務所,23-00667,函館市,中小,,,,,289,,,,,,20200221
1463,（株）環境設備計画,21-00694,札幌市,中小,,,,,166,,,,,,20200221
1464,（株）企画設備設計,11-05031,宮城県,中小,,,,,394,,,,,,20200221
1465,（株）北田設計事務所,11-02233,東京都,中小,,,,,289,,,,,,20200221
1466,（株）木村建築事務所,11-03922,福井県,中小,,,,,289,,,,,,20200221
1467,（株）共伸設備設計事務所,21-00180,札幌市,中小,,,,,235,,,,,,20200221
1468,（株）共立システム設計事務所,11-04939,東京都,中小,,,,,198,,,,,,20200221
1469,（株）空間デザイン,11-05097,大阪府,中小,,,,,207,,,,,,20200221
1470,（株）釧路綜合設計事務所,27-00168,釧路市,中小,,,,,435,,,,,,20200221
1471,（株）久慈設計,11-03619,岩手県,中小,,,,,53,,,,,,20200221
1472,（株）久慈設計東日本,11-03973,宮城県,中小,,,,,376,,,,,,20200221
1473,（株）楠山設計,11-04004,東京都,中小,,,,,53,,,,,,20200221
1474,（株）九段建築研究所,11-03945,東京都,中小,,,,,166,,,,,,20200221
1475,（株）隈研吾建築都市設計事務所,11-03050,東京都,大手,,,,,30,,,,,,20200221
1476,（株）熊澤建築設計事務所,11-05429,青森県,中小,,,,,230,,,,,,20200221
1477,くりえいと創,27-00541,釧路市,中小,,,,,571,,,,,,20200221
1478,（株）クリタス,11-01136,東京都,大手,,,,,289,,,,228,,20200221
1479,（株）黒川紀章建築都市設計事務所,11-04998,東京都,中小,,,,,376,,,,,,20200221
1480,ＫＳＫ小山一級建築士事務所,22-03375,江別市,中小,,,,,671,,,,,,20200221
1481,（株）ケークリエイト,11-04982,東京都,中小,,,,,639,,,,,,20200221
1482,（株）Ｋ構造研究所,11-03112,東京都,中小,,,,,166,,,,,,20200221
1483,（株）ケイ設計,27-00353,標津郡中標津町,中小,,,,,571,,,,,,20200221
1484,（株）建設コンサルタント,21-00682,札幌市,中小,,,,,289,,,,247,,20200221
1485,（株）建綜研,11-04651,大阪府,中小,,,,,116,,,,,,20200221
1486,（株）建築工房,21-00552,札幌市,中小,,,,,166,,,,,,20200221
1487,（株）建築設計工房ロゴス,23-00398,函館市,中小,,,,,289,,,,,,20200221
1488,（株）建築設備設計研究所,11-02517,東京都,中小,,,,,53,,,,,,20200221
1489,（一財）建築保全センター,11-03237,東京都,公益,,,,,156,,,,,,20200221
1490,（一社）公共建築協会,11-03239,東京都,公益,,,,,156,,,,,,20200221
1491,（株）構研設計事務所,11-02498,東京都,中小,,,,,282,,,,,,20200221
1492,（株）構建築設計事務所,11-05026,宮城県,中小,,,,,235,,,,,,20200221
1493,（株）上坂設計,11-03105,大阪府,中小,,,,,90,,,,,,20200221
1494,（有）香山壽夫建築研究所,11-03556,東京都,中小,,,,,116,,,,,,20200221
1495,（株）小西設計,11-04895,大阪府,中小,,,,,116,,,,,,20200221
1496,コンストラクションインベストメントマネジャーズ（株）,11-04017,大阪府,中小,,,,,215,,,,,,20200221
1497,（株）マイ建築構造,11-05029,神奈川県,中小,,,,,282,,,,,,20200221
1498,（株）真紀設備設計事務所,21-01846,札幌市,中小,,,,,426,,,,,,20200221
1499,マスプロ電工（株）,11-00131,愛知県,大手,,,,,394,,,,,,20200221
1500,（株）ＭＡＴＳＵＭＯＴＯ,11-04658,埼玉県,中小,,,,,394,,,,,,20200221
1501,（株）丸川建築設計事務所,11-03061,岡山県,中小,,,,,53,,,,,,20200221
1502,（株）マルタ設計,11-03166,東京都,中小,,,,,93,,,,,,20200221
1503,マン・テック（株）,11-05410,宮城県,中小,,,,,207,,,,,,20200221
1504,（株）三上建築事務所,11-03052,茨城県,中小,,,,,116,,,,,,20200221
1505,（株）みかんぐみ,11-04903,神奈川県,中小,,,,,416,,,,,,20200221
1506,光井純アンドアソシエーツ建築設計事務所（株）,11-04242,東京都,中小,,,,,230,,,,,,20200221
1507,（株）三関建築設計事務所,23-00589,函館市,中小,,,,,649,,,,,,20200221
1508,（株）三橋設計,11-04892,東京都,中小,,,,,93,,,,,,20200221
1509,三菱電機ビルテクノサービス（株）,11-00475,東京都,大手,,,,,116,,,,,,20200221
1510,（株）三原建築設計事務所,11-04331,佐賀県,中小,,,,,166,,,,,,20200221
1511,（株）三宅建築事務所,11-05387,京都府,中小,,,,,116,,,,,,20200221
1512,（株）宮原龍一ＰＬＵＳ建築設計室,11-04942,山口県,中小,,,,,663,,,,,,20200221
1513,（有）みやび建築工房,11-04268,宮城県,中小,,,,,376,,,,,,20200221
1514,（株）宮本忠長建築設計事務所,11-03102,長野県,中小,,,,,116,,,,,,20200221
1515,（株）村井敬合同設計,11-03253,東京都,中小,,,,,235,,,,,,20200221
1516,（株）ムラシマ事務所,11-02452,石川県,中小,,,,,53,,,,,,20200221
1517,村田建築都市研究所,11-05079,茨城県,中小,,,,,617,,,,,,20200221
1518,（株）ムラヤマ,11-03321,東京都,大手,,,,,235,,,,,,20200221
1519,明豊ファシリティワークス（株）,11-05093,東京都,大手,,,,,1,,,,,,20200221
1520,（株）森京介建築事務所,11-00932,東京都,中小,,,,,289,,,,,,20200221
1521,（株）モリ建築設計室,28-00419,帯広市,中小,,,,,435,,,,,,20200221
1522,（株）森村設計,11-02332,東京都,中小,,,,,35,,,,,,20200221
1523,（株）内藤建築事務所,11-04350,京都府,大手,,,,,1,,,,,,20200221
1524,（株）内藤廣建築設計事務所,11-03577,東京都,中小,,,,,270,,,,,,20200221
1525,（株）中島設計コンサルタント,21-03007,札幌市,中小,,,,,617,,,,,,20200221
1526,（株）中野積算,11-02173,東京都,大手,,,,,53,,,,,,20200221
1527,（株）中原建築設計事務所,25-00689,旭川市,中小,,,,,166,,,,,,20200221
1528,（株）中林建築設計事務所,11-03978,島根県,大手,,,,,76,,,,,,20200221
1529,（株）西塚構造事務所,21-02673,札幌市,中小,,,,,235,,,,,,20200221
1530,ニシム電子工業（株）,11-01782,福岡県,大手,,,,,394,,,,,,20200221
1531,（株）西村建築設計事務所,21-00845,札幌市,中小,,,,,235,,,,,,20200221
1532,（株）二十一設計,11-04363,神奈川県,中小,,,,,198,,,,,,20200221
1533,日和エンジニアリング（株）,11-04909,東京都,中小,,,,,53,,,,,,20200221
1534,（株）日建社,21-01055,札幌市,中小,,,,,166,,,,,,20200221
1535,（株）日展,11-02889,大阪府,大手,,,,,166,,,,,,20200221
1536,日本管財（株）,11-01430,兵庫県,大手,,,,,207,,,,,,20200221
1537,日本都市設計（株）,21-01381,札幌市,中小,,,,,116,,,,,,20200221
1538,（株）日本防災技術センター,21-00962,札幌市,大手,,,,,617,,,,,,20200221
1539,（株）二本柳慶一建築研究所,23-00408,函館市,中小,,,,,270,,,,,,20200221
1540,（株）ノア設計,25-00507,旭川市,中小,,,,,426,,,,,,20200221
1541,（株）乃村工藝社,11-00838,東京都,大手,,,,,1,,,,,,20200221
1542,（株）リーズ,11-04920,東京都,中小,,,,,667,,,,,,20200221
1543,（株）ルート企画設計,21-02939,札幌市,中小,,,,,571,,,,,,20200221
1544,（株）類設計室,11-03064,大阪府,大手,,,,,1,,,,,,20200221
1545,（株）レーモンド設計事務所,11-04307,東京都,中小,,,,,76,,,,,,20200221
1546,（株）斉藤讓一設計事務所,27-00297,釧路市,中小,,,,,235,,,,,,20200221
1547,（株）坂倉建築研究所,11-02406,東京都,中小,,,,,53,,,,,,20200221
1548,（株）サクシード,11-05041,山口県,中小,,,,,289,,,,,,20200221
1549,札幌施設管理（株）,21-02933,札幌市,中小,,,,,435,,,,,,20200221
1550,（株）札幌日総建,21-00951,札幌市,中小,,,,,235,,,,,,20200221
1551,（株）佐藤公郎建築設計事務所,23-00524,函館市,中小,,,,,289,,,,,,20200221
1552,（株）サナクト,11-04361,埼玉県,中小,,,,,376,,,,,,20200221
1553,（株）佐野建築研究所,11-03075,東京都,中小,,,,,166,,,,,,20200221
1554,（株）三輝設計事務所,11-05086,福井県,中小,,,,,215,,109,,,,20200221
1555,（株）三建設計事務所,25-00515,旭川市,中小,,,,,435,,,,,,20200221
1556,（株）三興設計事務所,11-05113,東京都,中小,,,,,235,,,,,,20200221
1557,（株）シード一級建築士事務所,21-01048,札幌市,中小,,,,,394,,,,,,20200221
1558,シーラカンスケイアンドエイチ（株）,11-04929,東京都,中小,,,,,282,,,,,,20200221
1559,（株）柴滝建築設計事務所,25-00567,旭川市,中小,,,,,116,,,,,,20200221
1560,（株）衆設計,11-04629,東京都,中小,,,,,435,,,,,,20200221
1561,（株）翔設計,11-04310,東京都,大手,,,,,50,,,,,,20200221
1562,（株）白樺設計,21-01244,札幌市,中小,,,,,235,,,,,,20200221
1563,（株）眞建築設計室,11-04703,茨城県,中小,,,,,617,,,,,,20200221
1564,（株）慎設計事務所,11-04334,東京都,中小,,,,,215,,,,,,20200221
1565,（株）新中央設計札幌,21-02946,札幌市,中小,,,,,670,,,,,,20200221
1566,（株）ジャイロアーキテクツ,11-05438,東京都,中小,,,,,282,,,,,,20200221
1567,（株）陣設計,11-03998,東京都,中小,,,,,146,,,,,,20200221
1568,（株）スカイ・サイト,21-02703,札幌市,中小,,,,,289,,,,,,20200221
1569,（株）鈴木弘人設計事務所,11-05023,宮城県,中小,,,,,235,,,,,,20200221
1570,（株）澄建築設計事務所,23-00176,函館市,中小,,,,,394,,,,,,20200221
1571,（株）清和設備設計,11-03678,東京都,中小,,,,,235,,,,,,20200221
1572,（株）セキサン,21-00370,札幌市,中小,,,,,166,,,,,,20200221
1573,設計企画　零,25-00829,旭川市,中小,,,,,617,,,,,,20200221
1574,（有）設計事務所ゴンドラ,11-03604,東京都,中小,,,,,617,,,,,,20200221
1575,セントラルリーシングシステム（株）,21-02747,札幌市,中小,,,,,376,,,,,,20200221
1576,（株）善設計,11-04275,東京都,中小,,,,,435,,,,,,20200221
1577,（有）ＳＯＹ　ｓｏｕｒｃｅ建築設計事務所,11-05437,宮城県,中小,,,,,416,,,,,,20200221
1578,（株）創建社ディーアンドアール設計,11-05062,大阪府,中小,,,,,198,,,,,,20200221
1579,（株）総合開発設計,21-01661,札幌市,中小,,,,,394,,,,,,20200221
1580,（株）綜合設計,11-03919,岡山県,中小,,,,,289,,174,,,,20200221
1581,（株）総合設備計画,11-00291,東京都,中小,,,,,53,,,,,,20200221
1582,（株）創造設計舎,28-00623,帯広市,中小,,,,,235,,,,,,20200221
1583,（株）創明建築設計事務所,25-00542,旭川市,中小,,,,,289,,,,,,20200221
1584,（株）相和技術研究所,11-02276,東京都,中小,,,,,35,,,,,,20200221
1585,（株）大誠建築設計事務所,11-03960,東京都,中小,,,,,93,,,,,,20200221
1586,（株）高岡建築設計事務所,21-00683,札幌市,中小,,,,,289,,,,,,20200221
1587,（株）高木設計事務所,21-02577,札幌市,中小,,,,,235,,,,,,20200221
1588,（有）高木ティー・アンド・ディー建築研究所,11-05397,岐阜県,中小,,,,,667,,,,,,20200221
1589,（株）高橋建築設計事務所,11-03107,群馬県,中小,,,,,215,,,,,,20200221
1590,（株）高松伸建築設計事務所,11-04713,京都府,中小,,,,,235,,,,,,20200221
1591,（株）武田建築設計事務所,27-00439,釧路市,中小,,,,,235,,,,,,20200221
1592,（有）タック,21-00467,札幌市,中小,,,,,435,,,,,,20200221
1593,（株）田中建築設備事務所,21-00155,札幌市,中小,,,,,235,,,,,,20200221
1594,（株）田中俊行建築空間設計事務所,11-04267,東京都,中小,,,,,394,,,,,,20200221
1595,（株）谷澤総合鑑定所,11-05052,大阪府,大手,,,,,289,,3,,,,20200221
1596,（株）丹下都市建築設計,11-05080,東京都,中小,,,,,108,,,,,,20200221
1597,（株）丹青社,11-00809,東京都,大手,,,,,1,,,,,,20200221
1598,第一宅建設計（株）,27-00805,標津郡中標津町,中小,,,,,289,,,,,,20200221
1599,第一防災（株）,11-04285,大阪府,中小,,,,,394,,,,,,20200221
1600,（株）大栄建築設計事務所,22-00216,千歳市,中小,,,,,289,,,,,,20200221
1601,（株）大有設計,11-04323,大分県,中小,,,,,156,,,,,,20200221
1602,大和リース（株）,11-00582,大阪府,大手,,,,,53,,,,,,20200221
1603,塚田設備管理（株）,21-01646,札幌市,中小,,,,,166,,,,,,20200221
1604,（株）土屋建築研究所,11-04324,東京都,中小,,,,,53,,,,,,20200221
1605,（有）津内口設計,11-04652,青森県,中小,,,,,376,,,,,,20200221
1606,（株）テーアンドエヌ北海道設計事務所,21-02194,札幌市,中小,,,,,166,,,,,,20200221
1607,（株）テーテンス事務所,11-04919,東京都,中小,,,,,289,,,,,,20200221
1608,（株）Ｔ設計工房,11-03902,東京都,中小,,,,,270,,,,,,20200221
1609,（株）テクナ設計企画事務所,21-01069,札幌市,中小,,,,,435,,,,,,20200221
1610,（株）テクノクルー,28-00725,札幌市,中小,,,,,282,,,,,,20200221
1611,（株）テクノ工営,11-04943,東京都,中小,,,,,72,,,,,,20200221
1612,（株）手島建築設計事務所,11-03979,東京都,中小,,,,,53,,,,,,20200221
1613,（株）鉄川建築設計事務所,21-00566,札幌市,中小,,,,,435,,,,,,20200221
1614,ＤＸアンテナ（株）,11-00677,兵庫県,大手,,,,,394,,,,,,20200221
1615,（株）デザインサーベイ,11-05403,東京都,中小,,,,,671,,,,,,20200221
1616,出村建築設計事務所,11-05447,福井県,中小,,,,,649,,,,,,20200221
1617,電気興業（株）,11-00210,東京都,大手,,,,,116,,,,,,20200221
1618,（株）トータルメディア開発研究所,11-01567,東京都,大手,,,,,116,,,,,,20200221
1619,（株）東条設計,11-05038,鹿児島県,中小,,,,,93,,,,,,20200221
1620,（株）東都設計,11-03949,東京都,中小,,,,,426,,,,,,20200221
1621,（株）トキワアーキテクトオフィス,11-04279,東京都,中小,,,,,416,,,,,,20200221
1622,（株）トクオ,11-04257,愛知県,中小,,,,,108,,,,,,20200221
1623,（株）徳岡設計,11-02327,大阪府,中小,,,,,116,,,,,,20200221
1624,（株）都市環境設計,11-02391,大阪府,中小,,,,,53,,,,,,20200221
1625,都市企画（株）,11-05428,愛知県,中小,,,,,426,,,,,,20200221
1626,（株）都市設計研究所,21-00892,札幌市,中小,,,,,289,,,,,,20200221
1627,凸版印刷（株）,11-00969,東京都,大手,,,,,93,,,,,,20200221
1628,（株）トリアド工房,11-00934,東京都,中小,,,,,435,,,,,,20200221
1629,（株）若松建築設計事務所,21-00651,札幌市,中小,,,,,649,,,,,,20200221
1630,（株）渡辺建築設計,22-03184,札幌市,中小,,,,,235,,,,,,20200221
1631,（株）谷津設計,28-00160,帯広市,中小,,,,,426,,,,,,20200221
1632,（株）柳澤孝彦タック建築研究所,11-03587,東京都,中小,,,,,571,,,,,,20200221
1633,（株）山崎設計,11-02256,京都府,中小,,,,,270,,,,,,20200221
1634,（株）山下テクノス,11-03890,東京都,中小,,,,,116,,,,,,20200221
1635,（株）山下ＰＭＣ,11-04619,東京都,大手,,,,,52,,,,,,20200221
1636,（株）山設計工房,11-05045,東京都,中小,,,,,289,,,,,,20200221
1637,（株）山田建築事務所,11-04283,岐阜県,中小,,,,,198,,,,,,20200221
1638,山田総合設計（株）,23-00655,函館市,中小,,,,,235,,,,,,20200221
1639,（株）山田守建築事務所,11-02182,東京都,中小,,,,,116,,,,,,20200221
1640,（株）山道設備設計事務所,21-01471,札幌市,中小,,,,,435,,,,,,20200221
1641,ユーディーアイ確認検査（株）,11-04714,千葉県,大手,,,,,207,,,,,,20200221
1642,（株）唯設計,11-03542,東京都,中小,,,,,230,,,,,,20200221
1643,（株）豊建築事務所,11-02407,東京都,中小,,,,,93,,,,,,20200221
1644,（株）ユニオンリサーチ,11-03892,大阪府,中小,,,,,289,,59,,,,20200221
1645,（株）ユニバァサル設計,11-03072,神奈川県,中小,,,,,53,,,,,,20200221
1646,（株）横河建築設計事務所,11-00826,東京都,大手,,,,,35,,,,,,20200221
1647,（株）アイテクノ,11-04295,大阪府,中小,,,,,,,59,,,,20200221
1648,（公社）旭川公共嘱託登記土地家屋調査士協会,25-01001,旭川市,公益,,,,,,,57,,,,20200221
1649,（株）壱成不動産鑑定,11-04679,愛知県,中小,,,,,,,429,,,,20200221
1650,大阪エンジニアリング（株）,11-04292,大阪府,中小,,,,,,,17,,,,20200221
1651,（一社）函館公共嘱託登記土地家屋調査士協会,23-01009,函館市,公益,,,,,,,90,,,,20200221
1652,（株）福士不動産鑑定所,11-04259,千葉県,中小,,,,,,,343,,,,20200221
1653,福田総合コンサルタント（株）,11-02307,大阪府,中小,,,,,,,31,,,,20200221
1654,（株）富士不動産鑑定所,11-04362,東京都,中小,,,,,,,421,,,,20200221
1655,不動産鑑定青田事務所,11-05435,宮城県,中小,,,,,,,391,,,,20200221
1656,（株）プライム評価研究所,11-04625,福岡県,中小,,,,,,,391,,,,20200221
1657,（株）平和ＩＴＣ,11-03665,福井県,中小,,,,,,,31,,,,20200221
1658,（株）補償セミナリー,21-00771,札幌市,中小,,,,,,,59,,,,20200221
1659,（一財）北海道開発協会,21-02414,札幌市,公益,,,,,,,85,,,,20200221
1660,（株）カテナ補償サービス,11-05391,千葉県,中小,,,,,,,421,,,,20200221
1661,（株）技研,11-04642,大阪府,中小,,,,,,,31,,,,20200221
1662,（公社）釧路公共嘱託登記土地家屋調査士協会,27-00500,釧路市,公益,,,,,,,57,,,,20200221
1663,（株）九段経済研究所,11-04994,東京都,中小,,,,,,,391,,,,20200221
1664,（有）グローバル・オフィス,21-02623,札幌市,中小,,,,,,,421,,,,20200221
1665,（株）国際都市鑑定,11-05404,東京都,中小,,,,,,,411,,,,20200221
1666,（株）コム建築コンサルタント,11-04371,奈良県,中小,,,,,,,391,,,,20200221
1667,（株）長友総研,11-04624,宮崎県,中小,,,,,,,109,,,,20200221
1668,西本聡士土地家屋調査士事務所,11-05444,山口県,中小,,,,,,,421,,,,20200221
1669,（株）ニチイ,11-05452,愛知県,中小,,,,,,,174,,,,20200221
1670,日本土地評価システム（株）,11-04917,愛知県,中小,,,,,,,343,,,,20200221
1671,（株）日本不動産鑑定パートナーズ,11-04278,東京都,中小,,,,,,,59,,,,20200221
1672,日本補償設計（株）,11-03574,東京都,中小,,,,,,,85,,,,20200221
1673,（株）ライズ,11-03085,神奈川県,中小,,,,,,,391,,,,20200221
1674,（株）彩都マネジメント,11-05445,愛媛県,中小,,,,,,,167,,,,20200221
1675,（公社）札幌公共嘱託登記土地家屋調査士協会,21-00475,札幌市,公益,,,,,,,27,,,,20200221
1676,（株）三友システムアプレイザル,11-04010,東京都,大手,,,,,,,28,,,,20200221
1677,ＪＬＬ森井鑑定（株）,11-04897,東京都,中小,,,,,,,59,,,,20200221
1678,（株）高橋不動産鑑定事務所,11-02271,福島県,中小,,,,,,,343,,,,20200221
1679,（株）田園不動産鑑定,11-05056,大阪府,中小,,,,,,,421,,,,20200221
1680,土地家屋調査士法人総合サーヴェイ,11-05419,東京都,中小,,,,,,,411,,,,20200221
1681,（株）明間ボーリング,11-03267,秋田県,中小,,,,,,,,,142,,20200221
1682,旭川ボーリング工業（同）,25-00346,旭川市,中小,,,,,,,,,247,,20200221
1683,（株）有賀さく泉工業,28-00183,帯広市,中小,,,,,,,,,247,,20200221
1684,内村ボーリング工事（株）,25-00528,旭川市,中小,,,,,,,,,108,,20200221
1685,（株）豊栄,11-05431,神奈川県,中小,,,,,,,,,429,,20200221
1686,（株）北海道ソイルリサーチ,26-00843,苫小牧市,中小,,,,,,,,,108,,20200221
1687,岩水開発（株）,11-03473,岡山県,中小,,,,,,,,,429,,20200221
1688,鉱研工業（株）,11-00580,東京都,大手,,,,,,,,,106,,20200221
1689,ニチゴ産業（株）,28-00054,帯広市,中小,,,,,,,,,247,,20200221
1690,（株）ロック建設技術研究所,21-00469,札幌市,中小,,,,,,,,,142,,20200221
1691,（株）ジオアクト,29-00525,北見市,中小,,,,,,,,,429,,20200221
1692,ジオ・フロント（株）,11-04953,東京都,中小,,,,,,,,,228,,20200221
1693,（株）セントラル技研,11-03129,東京都,中小,,,,,,,,,240,,20200221
1694,（株）東京地質コンサルタント,11-02196,東京都,中小,,,,,,,,,228,,20200221
1695,（株）東北地質,11-03638,宮城県,中小,,,,,,,,,108,,20200221
1696,（株）東洋地質調査,11-05418,愛知県,中小,,,,,,,,,244,,20200221
1697,（株）利根エンジニア,11-02748,東京都,中小,,,,,,,,,142,,20200221
1705,（株）横浜ソイルリサーチ,11-04633,神奈川県,中小,,,,,,,,,240,,20200221
